"query_type","rank","fragment_id","fragment_smiles","pathogen_combination","pathogen_count","total_compounds_both_pathogens","total_tp_count","total_tn_count","overall_avg_attribution","overall_min_attribution","avg_inactivity_rate_percent","pathogen_breakdown"
NEGATIVE SUBSTITUENTS,1,11115,C=NN,S. aureus + E. coli (NOT C. albicans),2,108,0,108,-0.3232,-0.3808,100.00,"e_coli: 52 compounds (0 TP, 52 TN) | Avg Attr: -0.332 | Inactivity: 100.00% || s_aureus: 56 compounds (0 TP, 56 TN) | Avg Attr: -0.315 | Inactivity: 100.00%"
NEGATIVE SUBSTITUENTS,2,27232,COC1=CC(/C=C/C=O)=CC=C1O,S. aureus + E. coli (NOT C. albicans),2,35,0,35,-0.2316,-0.3808,100.00,"e_coli: 19 compounds (0 TP, 19 TN) | Avg Attr: -0.278 | Inactivity: 100.00% || s_aureus: 16 compounds (0 TP, 16 TN) | Avg Attr: -0.185 | Inactivity: 100.00%"
NEGATIVE SUBSTITUENTS,3,21226,O=C/C=C(\O)C(=O)O,S. aureus + E. coli (NOT C. albicans),2,34,0,34,-0.3642,-0.3808,100.00,"e_coli: 25 compounds (0 TP, 25 TN) | Avg Attr: -0.361 | Inactivity: 100.00% || s_aureus: 9 compounds (0 TP, 9 TN) | Avg Attr: -0.368 | Inactivity: 100.00%"
NEGATIVE SUBSTITUENTS,4,47515,CC1=NC(C)=C(C=O)S1,S. aureus + E. coli (NOT C. albicans),2,32,0,32,-0.3283,-0.3778,100.00,"e_coli: 16 compounds (0 TP, 16 TN) | Avg Attr: -0.297 | Inactivity: 100.00% || s_aureus: 16 compounds (0 TP, 16 TN) | Avg Attr: -0.359 | Inactivity: 100.00%"
NEGATIVE SUBSTITUENTS,5,11392,O=C(C=CS)OCC1=CC=C([N+](=O)[O-])C=C1,S. aureus + E. coli (NOT C. albicans),2,30,0,30,-0.1769,-0.3060,100.00,"e_coli: 15 compounds (0 TP, 15 TN) | Avg Attr: -0.199 | Inactivity: 100.00% || s_aureus: 15 compounds (0 TP, 15 TN) | Avg Attr: -0.154 | Inactivity: 100.00%"
NEGATIVE SUBSTITUENTS,6,1100,CCCCC1=CC=C(OC)C(=C1)O,S. aureus + E. coli (NOT C. albicans),2,29,0,29,-0.3510,-0.3808,100.00,"e_coli: 17 compounds (0 TP, 17 TN) | Avg Attr: -0.360 | Inactivity: 100.00% || s_aureus: 12 compounds (0 TP, 12 TN) | Avg Attr: -0.342 | Inactivity: 100.00%"
NEGATIVE SUBSTITUENTS,7,10885,C=NC1=CC(=O)N(C)C(=O)N1C,S. aureus + E. coli (NOT C. albicans),2,29,1,28,-0.3211,-0.3808,90.00,"e_coli: 24 compounds (0 TP, 24 TN) | Avg Attr: -0.311 | Inactivity: 100.00% || s_aureus: 5 compounds (1 TP, 4 TN) | Avg Attr: -0.331 | Inactivity: 80.00%"
NEGATIVE SUBSTITUENTS,8,20673,CCC1=CC=C(OC)C(=C1)O,S. aureus + E. coli (NOT C. albicans),2,28,0,28,-0.2925,-0.3537,100.00,"e_coli: 16 compounds (0 TP, 16 TN) | Avg Attr: -0.302 | Inactivity: 100.00% || s_aureus: 12 compounds (0 TP, 12 TN) | Avg Attr: -0.283 | Inactivity: 100.00%"
NEGATIVE SUBSTITUENTS,9,34814,OCC1=CNC2=CC=CC=C12,S. aureus + E. coli (NOT C. albicans),2,26,0,26,-0.2086,-0.3135,100.00,"e_coli: 14 compounds (0 TP, 14 TN) | Avg Attr: -0.218 | Inactivity: 100.00% || s_aureus: 12 compounds (0 TP, 12 TN) | Avg Attr: -0.200 | Inactivity: 100.00%"
NEGATIVE SUBSTITUENTS,10,3531,C=C[C@@](C)(/C=C)CCC=C(C)C,S. aureus + E. coli (NOT C. albicans),2,26,1,25,-0.3692,-0.3808,93.75,"e_coli: 18 compounds (0 TP, 18 TN) | Avg Attr: -0.370 | Inactivity: 100.00% || s_aureus: 8 compounds (1 TP, 7 TN) | Avg Attr: -0.369 | Inactivity: 87.50%"
NEGATIVE SUBSTITUENTS,11,15983,CC1(C)S[C@@H]2CC(=O)N2[C@H]1C(=O)O,S. aureus + E. coli (NOT C. albicans),2,25,1,24,-0.3402,-0.3808,96.16,"e_coli: 13 compounds (1 TP, 12 TN) | Avg Attr: -0.329 | Inactivity: 92.31% || s_aureus: 12 compounds (0 TP, 12 TN) | Avg Attr: -0.352 | Inactivity: 100.00%"
NEGATIVE SUBSTITUENTS,12,8147,C[C@@H]1C[C@H](N(C)C)[C@@H](O)[C@H](O)O1,S. aureus + E. coli (NOT C. albicans),2,23,0,23,-0.2570,-0.3808,100.00,"e_coli: 3 compounds (0 TP, 3 TN) | Avg Attr: -0.241 | Inactivity: 100.00% || s_aureus: 20 compounds (0 TP, 20 TN) | Avg Attr: -0.273 | Inactivity: 100.00%"
NEGATIVE SUBSTITUENTS,13,19799,NC(=O)C1=CC(Br)=C(Br)N1,S. aureus + E. coli (NOT C. albicans),2,22,0,22,-0.2545,-0.3808,100.00,"e_coli: 9 compounds (0 TP, 9 TN) | Avg Attr: -0.184 | Inactivity: 100.00% || s_aureus: 13 compounds (0 TP, 13 TN) | Avg Attr: -0.325 | Inactivity: 100.00%"
NEGATIVE SUBSTITUENTS,14,50958,CCC1=C(O)C(OC)=C(OC)C(OC)=C1,S. aureus + E. coli (NOT C. albicans),2,20,0,20,-0.2610,-0.3696,100.00,"e_coli: 12 compounds (0 TP, 12 TN) | Avg Attr: -0.325 | Inactivity: 100.00% || s_aureus: 8 compounds (0 TP, 8 TN) | Avg Attr: -0.197 | Inactivity: 100.00%"
NEGATIVE SUBSTITUENTS,15,20498,C/C(=N)C1=NC2=CC=CC=C2N1,S. aureus + E. coli (NOT C. albicans),2,20,0,20,-0.2041,-0.3780,100.00,"e_coli: 7 compounds (0 TP, 7 TN) | Avg Attr: -0.233 | Inactivity: 100.00% || s_aureus: 13 compounds (0 TP, 13 TN) | Avg Attr: -0.175 | Inactivity: 100.00%"
NEGATIVE SUBSTITUENTS,16,2540,CCOC(=O)/C=C\O,S. aureus + E. coli (NOT C. albicans),2,19,0,19,-0.3581,-0.3808,100.00,"e_coli: 11 compounds (0 TP, 11 TN) | Avg Attr: -0.356 | Inactivity: 100.00% || s_aureus: 8 compounds (0 TP, 8 TN) | Avg Attr: -0.360 | Inactivity: 100.00%"
NEGATIVE SUBSTITUENTS,17,1674,CN1C=CC2=CC(Br)=CC=C21,S. aureus + E. coli (NOT C. albicans),2,19,0,19,-0.3553,-0.3808,100.00,"e_coli: 10 compounds (0 TP, 10 TN) | Avg Attr: -0.362 | Inactivity: 100.00% || s_aureus: 9 compounds (0 TP, 9 TN) | Avg Attr: -0.349 | Inactivity: 100.00%"
NEGATIVE SUBSTITUENTS,18,38562,C=C/C1=CC(OC)=CC(O)=C1C(=O)OC,S. aureus + E. coli (NOT C. albicans),2,19,0,19,-0.1907,-0.2844,100.00,"e_coli: 8 compounds (0 TP, 8 TN) | Avg Attr: -0.174 | Inactivity: 100.00% || s_aureus: 11 compounds (0 TP, 11 TN) | Avg Attr: -0.207 | Inactivity: 100.00%"
NEGATIVE SUBSTITUENTS,19,5815,COC1=CC=C(CN-C-N)C=C1,S. aureus + E. coli (NOT C. albicans),2,19,0,19,-0.1844,-0.2697,100.00,"e_coli: 11 compounds (0 TP, 11 TN) | Avg Attr: -0.206 | Inactivity: 100.00% || s_aureus: 8 compounds (0 TP, 8 TN) | Avg Attr: -0.163 | Inactivity: 100.00%"
NEGATIVE SUBSTITUENTS,20,28863,C=C1\SC(=O)N(CC2=CC=C(C(=O)OC)C=C2)C1=O,S. aureus + E. coli (NOT C. albicans),2,19,0,19,-0.1278,-0.2527,100.00,"e_coli: 8 compounds (0 TP, 8 TN) | Avg Attr: -0.115 | Inactivity: 100.00% || s_aureus: 11 compounds (0 TP, 11 TN) | Avg Attr: -0.140 | Inactivity: 100.00%"
NEGATIVE SUBSTITUENTS,21,47437,CN1C=CC2=CC(Cl)=CC=C21,S. aureus + E. coli (NOT C. albicans),2,18,0,18,-0.3510,-0.3808,100.00,"e_coli: 9 compounds (0 TP, 9 TN) | Avg Attr: -0.352 | Inactivity: 100.00% || s_aureus: 9 compounds (0 TP, 9 TN) | Avg Attr: -0.350 | Inactivity: 100.00%"
NEGATIVE SUBSTITUENTS,22,16475,O=C1C=C(CO)OC=C1O,S. aureus + E. coli (NOT C. albicans),2,18,0,18,-0.2680,-0.3808,100.00,"e_coli: 11 compounds (0 TP, 11 TN) | Avg Attr: -0.231 | Inactivity: 100.00% || s_aureus: 7 compounds (0 TP, 7 TN) | Avg Attr: -0.305 | Inactivity: 100.00%"
NEGATIVE SUBSTITUENTS,23,12173,COC1=CC=C2N=C(C)C=C(OC)C2=C1,S. aureus + E. coli (NOT C. albicans),2,17,0,17,-0.2276,-0.3808,100.00,"e_coli: 10 compounds (0 TP, 10 TN) | Avg Attr: -0.264 | Inactivity: 100.00% || s_aureus: 7 compounds (0 TP, 7 TN) | Avg Attr: -0.191 | Inactivity: 100.00%"
NEGATIVE SUBSTITUENTS,24,19760,C=C/C1=CN=CC(C2=NN=NN2)=C1,S. aureus + E. coli (NOT C. albicans),2,17,0,17,-0.2118,-0.3808,100.00,"e_coli: 10 compounds (0 TP, 10 TN) | Avg Attr: -0.240 | Inactivity: 100.00% || s_aureus: 7 compounds (0 TP, 7 TN) | Avg Attr: -0.184 | Inactivity: 100.00%"
NEGATIVE SUBSTITUENTS,25,39080,C=C/C1=C(C(=O)OC)C(O)=C(CC=C(C)C)C(OC)=C1,S. aureus + E. coli (NOT C. albicans),2,17,0,17,-0.1845,-0.3436,100.00,"e_coli: 11 compounds (0 TP, 11 TN) | Avg Attr: -0.229 | Inactivity: 100.00% || s_aureus: 6 compounds (0 TP, 6 TN) | Avg Attr: -0.140 | Inactivity: 100.00%"
NEGATIVE SUBSTITUENTS,26,27202,O=C(CC1=CC=CC=C1)NC1CCCCC1,S. aureus + E. coli (NOT C. albicans),2,17,0,17,-0.1293,-0.1611,100.00,"e_coli: 7 compounds (0 TP, 7 TN) | Avg Attr: -0.117 | Inactivity: 100.00% || s_aureus: 10 compounds (0 TP, 10 TN) | Avg Attr: -0.142 | Inactivity: 100.00%"
NEGATIVE SUBSTITUENTS,27,40380,COC1=CC(/C=C/CNC(=O)N)=CC=C1O,S. aureus + E. coli (NOT C. albicans),2,16,0,16,-0.3338,-0.3585,100.00,"e_coli: 8 compounds (0 TP, 8 TN) | Avg Attr: -0.351 | Inactivity: 100.00% || s_aureus: 8 compounds (0 TP, 8 TN) | Avg Attr: -0.317 | Inactivity: 100.00%"
NEGATIVE SUBSTITUENTS,28,21038,CC1=C(N)C(C)=C(Cl)C=C1,S. aureus + E. coli (NOT C. albicans),2,16,0,16,-0.3308,-0.3808,100.00,"e_coli: 7 compounds (0 TP, 7 TN) | Avg Attr: -0.284 | Inactivity: 100.00% || s_aureus: 9 compounds (0 TP, 9 TN) | Avg Attr: -0.377 | Inactivity: 100.00%"
NEGATIVE SUBSTITUENTS,29,15536,O=CC1=NN(C2=CC=C(F)C=C2)C(C2=CC=C(Cl)C=C2)=C1,S. aureus + E. coli (NOT C. albicans),2,16,0,16,-0.3053,-0.3808,100.00,"e_coli: 8 compounds (0 TP, 8 TN) | Avg Attr: -0.333 | Inactivity: 100.00% || s_aureus: 8 compounds (0 TP, 8 TN) | Avg Attr: -0.277 | Inactivity: 100.00%"
NEGATIVE SUBSTITUENTS,30,27420,COC-C-CO,S. aureus + E. coli (NOT C. albicans),2,16,0,16,-0.2680,-0.3808,100.00,"e_coli: 11 compounds (0 TP, 11 TN) | Avg Attr: -0.330 | Inactivity: 100.00% || s_aureus: 5 compounds (0 TP, 5 TN) | Avg Attr: -0.206 | Inactivity: 100.00%"
NEGATIVE SUBSTITUENTS,31,33677,C=N/CCN1C([N+](=O)[O-])=CN=C1C,S. aureus + E. coli (NOT C. albicans),2,16,0,16,-0.2042,-0.3689,100.00,"e_coli: 9 compounds (0 TP, 9 TN) | Avg Attr: -0.249 | Inactivity: 100.00% || s_aureus: 7 compounds (0 TP, 7 TN) | Avg Attr: -0.159 | Inactivity: 100.00%"
NEGATIVE SUBSTITUENTS,32,22660,O=[N+]([O-])C1=CC=C2N=CN(O)C2=C1,S. aureus + E. coli (NOT C. albicans),2,16,0,16,-0.1743,-0.2497,100.00,"e_coli: 8 compounds (0 TP, 8 TN) | Avg Attr: -0.159 | Inactivity: 100.00% || s_aureus: 8 compounds (0 TP, 8 TN) | Avg Attr: -0.190 | Inactivity: 100.00%"
NEGATIVE SUBSTITUENTS,33,3371,CCCCNC-N-C(SCCCC)-N,S. aureus + E. coli (NOT C. albicans),2,16,0,16,-0.1600,-0.2325,100.00,"e_coli: 10 compounds (0 TP, 10 TN) | Avg Attr: -0.157 | Inactivity: 100.00% || s_aureus: 6 compounds (0 TP, 6 TN) | Avg Attr: -0.163 | Inactivity: 100.00%"
NEGATIVE SUBSTITUENTS,34,34809,C=C\C(=O)N1N=C(C2=CC=NC=C2)OC1C1=CNC2=CC=CC=C12,S. aureus + E. coli (NOT C. albicans),2,16,0,16,-0.1344,-0.1995,100.00,"e_coli: 10 compounds (0 TP, 10 TN) | Avg Attr: -0.134 | Inactivity: 100.00% || s_aureus: 6 compounds (0 TP, 6 TN) | Avg Attr: -0.135 | Inactivity: 100.00%"
NEGATIVE SUBSTITUENTS,35,10988,C=C/C(=O)C1=CC=C(OC)C=C1OC,S. aureus + E. coli (NOT C. albicans),2,15,0,15,-0.3178,-0.3808,100.00,"e_coli: 3 compounds (0 TP, 3 TN) | Avg Attr: -0.381 | Inactivity: 100.00% || s_aureus: 12 compounds (0 TP, 12 TN) | Avg Attr: -0.255 | Inactivity: 100.00%"
NEGATIVE SUBSTITUENTS,36,11730,NC(=O)C1=CC=C(S(N)(=O)=O)C=C1,S. aureus + E. coli (NOT C. albicans),2,15,0,15,-0.3136,-0.3808,100.00,"e_coli: 9 compounds (0 TP, 9 TN) | Avg Attr: -0.325 | Inactivity: 100.00% || s_aureus: 6 compounds (0 TP, 6 TN) | Avg Attr: -0.302 | Inactivity: 100.00%"
NEGATIVE SUBSTITUENTS,37,15502,CCN1C=C(C(=O)O)C(=O)C2=CC(F)=C(NC=O)C(F)=C21,S. aureus + E. coli (NOT C. albicans),2,15,0,15,-0.2800,-0.3808,100.00,"e_coli: 8 compounds (0 TP, 8 TN) | Avg Attr: -0.191 | Inactivity: 100.00% || s_aureus: 7 compounds (0 TP, 7 TN) | Avg Attr: -0.369 | Inactivity: 100.00%"
NEGATIVE SUBSTITUENTS,38,12527,CC(=O)NCCOC=O,S. aureus + E. coli (NOT C. albicans),2,20,5,15,-0.2536,-0.3808,84.38,"e_coli: 4 compounds (0 TP, 4 TN) | Avg Attr: -0.198 | Inactivity: 100.00% || s_aureus: 16 compounds (5 TP, 11 TN) | Avg Attr: -0.309 | Inactivity: 68.75%"
NEGATIVE SUBSTITUENTS,39,6600,O=CC1=CC2=CC=CC=C2OC1=O,S. aureus + E. coli (NOT C. albicans),2,15,0,15,-0.2419,-0.3808,100.00,"e_coli: 10 compounds (0 TP, 10 TN) | Avg Attr: -0.230 | Inactivity: 100.00% || s_aureus: 5 compounds (0 TP, 5 TN) | Avg Attr: -0.254 | Inactivity: 100.00%"
NEGATIVE SUBSTITUENTS,40,4644,O=C1C=CN([C@@H]2OC[C@@H](O)[C@H]2O)C(=O)N1,S. aureus + E. coli (NOT C. albicans),2,19,4,15,-0.2372,-0.3808,71.43,"e_coli: 12 compounds (0 TP, 12 TN) | Avg Attr: -0.213 | Inactivity: 100.00% || s_aureus: 7 compounds (4 TP, 3 TN) | Avg Attr: -0.261 | Inactivity: 42.86%"
NEGATIVE SUBSTITUENTS,41,88222,COC1=CC=C(N2N=NN=C2N)C=C1,S. aureus + E. coli (NOT C. albicans),2,15,1,14,-0.3404,-0.3808,91.67,"e_coli: 9 compounds (0 TP, 9 TN) | Avg Attr: -0.315 | Inactivity: 100.00% || s_aureus: 6 compounds (1 TP, 5 TN) | Avg Attr: -0.366 | Inactivity: 83.33%"
NEGATIVE SUBSTITUENTS,42,27203,O=CC1=CC=CN1,S. aureus + E. coli (NOT C. albicans),2,14,0,14,-0.3149,-0.3746,100.00,"e_coli: 7 compounds (0 TP, 7 TN) | Avg Attr: -0.281 | Inactivity: 100.00% || s_aureus: 7 compounds (0 TP, 7 TN) | Avg Attr: -0.349 | Inactivity: 100.00%"
NEGATIVE SUBSTITUENTS,43,7006,CCC1=CC=CC(C(C)C)=C1OC,S. aureus + E. coli (NOT C. albicans),2,14,0,14,-0.3132,-0.3808,100.00,"e_coli: 5 compounds (0 TP, 5 TN) | Avg Attr: -0.284 | Inactivity: 100.00% || s_aureus: 9 compounds (0 TP, 9 TN) | Avg Attr: -0.342 | Inactivity: 100.00%"
NEGATIVE SUBSTITUENTS,44,83444,CCC1=CCOC1=O,S. aureus + E. coli (NOT C. albicans),2,14,0,14,-0.2800,-0.3808,100.00,"e_coli: 7 compounds (0 TP, 7 TN) | Avg Attr: -0.317 | Inactivity: 100.00% || s_aureus: 7 compounds (0 TP, 7 TN) | Avg Attr: -0.243 | Inactivity: 100.00%"
NEGATIVE SUBSTITUENTS,45,24446,C[C@H]1CCO[C@@]1(C)C,S. aureus + E. coli (NOT C. albicans),2,14,0,14,-0.2734,-0.3499,100.00,"e_coli: 11 compounds (0 TP, 11 TN) | Avg Attr: -0.280 | Inactivity: 100.00% || s_aureus: 3 compounds (0 TP, 3 TN) | Avg Attr: -0.267 | Inactivity: 100.00%"
NEGATIVE SUBSTITUENTS,46,54758,NC(=O)C1=CC2=CC=CC=C2N1,S. aureus + E. coli (NOT C. albicans),2,13,0,13,-0.3456,-0.3808,100.00,"e_coli: 7 compounds (0 TP, 7 TN) | Avg Attr: -0.310 | Inactivity: 100.00% || s_aureus: 6 compounds (0 TP, 6 TN) | Avg Attr: -0.381 | Inactivity: 100.00%"
NEGATIVE SUBSTITUENTS,47,7003,C-C-C(C(C)C)-COC,S. aureus + E. coli (NOT C. albicans),2,14,1,13,-0.2982,-0.3808,94.45,"e_coli: 5 compounds (0 TP, 5 TN) | Avg Attr: -0.338 | Inactivity: 100.00% || s_aureus: 9 compounds (1 TP, 8 TN) | Avg Attr: -0.259 | Inactivity: 88.89%"
NEGATIVE SUBSTITUENTS,48,178,N[C@@H]1C[C@H](N)[C@@H](O)[C@H](O)[C@H]1O,S. aureus + E. coli (NOT C. albicans),2,14,1,13,-0.2624,-0.3808,95.46,"e_coli: 11 compounds (1 TP, 10 TN) | Avg Attr: -0.204 | Inactivity: 90.91% || s_aureus: 3 compounds (0 TP, 3 TN) | Avg Attr: -0.321 | Inactivity: 100.00%"
NEGATIVE SUBSTITUENTS,49,49150,COC1=CC(N2C(C)=NC3=CC=CC=C3C2=O)=CC=C1,S. aureus + E. coli (NOT C. albicans),2,13,0,13,-0.2418,-0.3572,100.00,"e_coli: 6 compounds (0 TP, 6 TN) | Avg Attr: -0.175 | Inactivity: 100.00% || s_aureus: 7 compounds (0 TP, 7 TN) | Avg Attr: -0.309 | Inactivity: 100.00%"
NEGATIVE SUBSTITUENTS,50,25978,CC(-N)-N(C1=CC=CC=C1)-C=O,S. aureus + E. coli (NOT C. albicans),2,13,0,13,-0.2063,-0.3125,100.00,"e_coli: 8 compounds (0 TP, 8 TN) | Avg Attr: -0.247 | Inactivity: 100.00% || s_aureus: 5 compounds (0 TP, 5 TN) | Avg Attr: -0.165 | Inactivity: 100.00%"
NEGATIVE SUBSTITUENTS,51,1914,C[C@H](O)[C@H]1C[C@@H](O)CCC1C,S. aureus + E. coli (NOT C. albicans),2,13,0,13,-0.1944,-0.3010,100.00,"e_coli: 5 compounds (0 TP, 5 TN) | Avg Attr: -0.186 | Inactivity: 100.00% || s_aureus: 8 compounds (0 TP, 8 TN) | Avg Attr: -0.203 | Inactivity: 100.00%"
NEGATIVE SUBSTITUENTS,52,10572,O=C1NC=NC2=CC=CC=C12,S. aureus + E. coli (NOT C. albicans),2,13,0,13,-0.1710,-0.2730,100.00,"e_coli: 8 compounds (0 TP, 8 TN) | Avg Attr: -0.165 | Inactivity: 100.00% || s_aureus: 5 compounds (0 TP, 5 TN) | Avg Attr: -0.177 | Inactivity: 100.00%"
NEGATIVE SUBSTITUENTS,53,28726,COC1=CC(/C=C/CNC(=S)N)=CC=C1O,S. aureus + E. coli (NOT C. albicans),2,12,0,12,-0.3499,-0.3754,100.00,"e_coli: 6 compounds (0 TP, 6 TN) | Avg Attr: -0.373 | Inactivity: 100.00% || s_aureus: 6 compounds (0 TP, 6 TN) | Avg Attr: -0.326 | Inactivity: 100.00%"
NEGATIVE SUBSTITUENTS,54,76640,CC1=CC=C(NC(=O)C2=C(C)N=C(C)S2)C=C1,S. aureus + E. coli (NOT C. albicans),2,12,0,12,-0.3342,-0.3808,100.00,"e_coli: 6 compounds (0 TP, 6 TN) | Avg Attr: -0.346 | Inactivity: 100.00% || s_aureus: 6 compounds (0 TP, 6 TN) | Avg Attr: -0.322 | Inactivity: 100.00%"
NEGATIVE SUBSTITUENTS,55,48825,N-C(C1=CNC2=CC=C(Br)C=C12)-S,S. aureus + E. coli (NOT C. albicans),2,12,0,12,-0.3333,-0.3762,100.00,"e_coli: 6 compounds (0 TP, 6 TN) | Avg Attr: -0.339 | Inactivity: 100.00% || s_aureus: 6 compounds (0 TP, 6 TN) | Avg Attr: -0.327 | Inactivity: 100.00%"
NEGATIVE SUBSTITUENTS,56,23617,COC1=CC(C)=NC2=CC=C(F)C=C12,S. aureus + E. coli (NOT C. albicans),2,12,0,12,-0.3220,-0.3808,100.00,"e_coli: 7 compounds (0 TP, 7 TN) | Avg Attr: -0.345 | Inactivity: 100.00% || s_aureus: 5 compounds (0 TP, 5 TN) | Avg Attr: -0.299 | Inactivity: 100.00%"
NEGATIVE SUBSTITUENTS,57,4230,N-C(C1=CNC2=CC=C(Cl)C=C12)-S,S. aureus + E. coli (NOT C. albicans),2,12,0,12,-0.3219,-0.3684,100.00,"e_coli: 6 compounds (0 TP, 6 TN) | Avg Attr: -0.323 | Inactivity: 100.00% || s_aureus: 6 compounds (0 TP, 6 TN) | Avg Attr: -0.321 | Inactivity: 100.00%"
NEGATIVE SUBSTITUENTS,58,22180,N-C(C1=CNC2=CC=CC=C12)-S,S. aureus + E. coli (NOT C. albicans),2,12,0,12,-0.3175,-0.3808,100.00,"e_coli: 6 compounds (0 TP, 6 TN) | Avg Attr: -0.279 | Inactivity: 100.00% || s_aureus: 6 compounds (0 TP, 6 TN) | Avg Attr: -0.356 | Inactivity: 100.00%"
NEGATIVE SUBSTITUENTS,59,21695,NC(=O)C1=CC(Cl)=C(Cl)N1,S. aureus + E. coli (NOT C. albicans),2,12,0,12,-0.3083,-0.3808,100.00,"e_coli: 5 compounds (0 TP, 5 TN) | Avg Attr: -0.236 | Inactivity: 100.00% || s_aureus: 7 compounds (0 TP, 7 TN) | Avg Attr: -0.381 | Inactivity: 100.00%"
NEGATIVE SUBSTITUENTS,60,23868,C-CC1SCC(=O)N1NC(=O)C1=CC=NC=C1,S. aureus + E. coli (NOT C. albicans),2,12,0,12,-0.2890,-0.3808,100.00,"e_coli: 6 compounds (0 TP, 6 TN) | Avg Attr: -0.197 | Inactivity: 100.00% || s_aureus: 6 compounds (0 TP, 6 TN) | Avg Attr: -0.381 | Inactivity: 100.00%"
NEGATIVE SUBSTITUENTS,61,53299,COC1=C(C)C=CC=C1C,S. aureus + E. coli (NOT C. albicans),2,12,0,12,-0.2643,-0.3808,100.00,"e_coli: 6 compounds (0 TP, 6 TN) | Avg Attr: -0.157 | Inactivity: 100.00% || s_aureus: 6 compounds (0 TP, 6 TN) | Avg Attr: -0.372 | Inactivity: 100.00%"
NEGATIVE SUBSTITUENTS,62,25980,CC1=NC2=CC=CC=C2C(=O)N1C1=CC=CC=C1,S. aureus + E. coli (NOT C. albicans),2,12,0,12,-0.2572,-0.3808,100.00,"e_coli: 5 compounds (0 TP, 5 TN) | Avg Attr: -0.196 | Inactivity: 100.00% || s_aureus: 7 compounds (0 TP, 7 TN) | Avg Attr: -0.318 | Inactivity: 100.00%"
NEGATIVE SUBSTITUENTS,63,43462,C[C@H]1COC2=C3C(=CC(F)=C2NC=O)C(=O)C(C(=O)O)=CN31,S. aureus + E. coli (NOT C. albicans),2,12,0,12,-0.2485,-0.3808,100.00,"e_coli: 6 compounds (0 TP, 6 TN) | Avg Attr: -0.140 | Inactivity: 100.00% || s_aureus: 6 compounds (0 TP, 6 TN) | Avg Attr: -0.357 | Inactivity: 100.00%"
NEGATIVE SUBSTITUENTS,64,17603,N#CC1=CC=C(COC2=CC=C3C=C(S(N)(=O)=O)C=CC3=C2)C(F)=C1,S. aureus + E. coli (NOT C. albicans),2,12,0,12,-0.2378,-0.3108,100.00,"e_coli: 7 compounds (0 TP, 7 TN) | Avg Attr: -0.254 | Inactivity: 100.00% || s_aureus: 5 compounds (0 TP, 5 TN) | Avg Attr: -0.221 | Inactivity: 100.00%"
NEGATIVE SUBSTITUENTS,65,73187,O=C1C=CN([C@H]2C[C@H](O)[C@@H](CO)O2)C(=O)N1,S. aureus + E. coli (NOT C. albicans),2,12,0,12,-0.2375,-0.3664,100.00,"e_coli: 6 compounds (0 TP, 6 TN) | Avg Attr: -0.167 | Inactivity: 100.00% || s_aureus: 6 compounds (0 TP, 6 TN) | Avg Attr: -0.308 | Inactivity: 100.00%"
NEGATIVE SUBSTITUENTS,66,2893,CN1C=C(C(-N)-S)C2=CC=CC=C21,S. aureus + E. coli (NOT C. albicans),2,12,0,12,-0.2279,-0.3120,100.00,"e_coli: 6 compounds (0 TP, 6 TN) | Avg Attr: -0.245 | Inactivity: 100.00% || s_aureus: 6 compounds (0 TP, 6 TN) | Avg Attr: -0.211 | Inactivity: 100.00%"
NEGATIVE SUBSTITUENTS,67,62005,CN1C=C(C(-N)-S)C2=CC(Cl)=CC=C21,S. aureus + E. coli (NOT C. albicans),2,12,0,12,-0.2032,-0.3125,100.00,"e_coli: 6 compounds (0 TP, 6 TN) | Avg Attr: -0.248 | Inactivity: 100.00% || s_aureus: 6 compounds (0 TP, 6 TN) | Avg Attr: -0.159 | Inactivity: 100.00%"
NEGATIVE SUBSTITUENTS,68,12442,CCCC/C=C(\C)C(=O)O,S. aureus + E. coli (NOT C. albicans),2,12,0,12,-0.2006,-0.2900,100.00,"e_coli: 6 compounds (0 TP, 6 TN) | Avg Attr: -0.230 | Inactivity: 100.00% || s_aureus: 6 compounds (0 TP, 6 TN) | Avg Attr: -0.171 | Inactivity: 100.00%"
NEGATIVE SUBSTITUENTS,69,73186,N-C(C1=CN([C@H]2C[C@H](O)[C@@H](CO)O2)C(=O)NC1=O)-N,S. aureus + E. coli (NOT C. albicans),2,12,0,12,-0.1816,-0.2624,100.00,"e_coli: 7 compounds (0 TP, 7 TN) | Avg Attr: -0.192 | Inactivity: 100.00% || s_aureus: 5 compounds (0 TP, 5 TN) | Avg Attr: -0.171 | Inactivity: 100.00%"
NEGATIVE SUBSTITUENTS,70,64182,COS(=O)(=O)NC(=O)[C@@H](N)CO,S. aureus + E. coli (NOT C. albicans),2,12,0,12,-0.1484,-0.2244,100.00,"e_coli: 8 compounds (0 TP, 8 TN) | Avg Attr: -0.180 | Inactivity: 100.00% || s_aureus: 4 compounds (0 TP, 4 TN) | Avg Attr: -0.117 | Inactivity: 100.00%"
NEGATIVE SUBSTITUENTS,71,41376,CCC1C=CCO1,S. aureus + E. coli (NOT C. albicans),2,12,0,12,-0.1210,-0.1539,100.00,"e_coli: 9 compounds (0 TP, 9 TN) | Avg Attr: -0.136 | Inactivity: 100.00% || s_aureus: 3 compounds (0 TP, 3 TN) | Avg Attr: -0.106 | Inactivity: 100.00%"
NEGATIVE SUBSTITUENTS,72,61360,CN(CC(=O)O)NC(=O)CCN,S. aureus + E. coli (NOT C. albicans),2,11,0,11,-0.3808,-0.3808,100.00,"e_coli: 4 compounds (0 TP, 4 TN) | Avg Attr: -0.381 | Inactivity: 100.00% || s_aureus: 7 compounds (0 TP, 7 TN) | Avg Attr: -0.381 | Inactivity: 100.00%"
NEGATIVE SUBSTITUENTS,73,21102,CC(C)=CCC-C-C-CO,S. aureus + E. coli (NOT C. albicans),2,12,1,11,-0.3382,-0.3808,92.86,"e_coli: 5 compounds (0 TP, 5 TN) | Avg Attr: -0.310 | Inactivity: 100.00% || s_aureus: 7 compounds (1 TP, 6 TN) | Avg Attr: -0.367 | Inactivity: 85.71%"
NEGATIVE SUBSTITUENTS,74,52077,C-C-NCC1=CC=C(OC)C=C1,S. aureus + E. coli (NOT C. albicans),2,11,0,11,-0.2521,-0.3502,100.00,"e_coli: 4 compounds (0 TP, 4 TN) | Avg Attr: -0.252 | Inactivity: 100.00% || s_aureus: 7 compounds (0 TP, 7 TN) | Avg Attr: -0.252 | Inactivity: 100.00%"
NEGATIVE SUBSTITUENTS,75,5755,OCC1=CN(C2=CC=CC(Cl)=C2)N=N1,S. aureus + E. coli (NOT C. albicans),2,11,0,11,-0.2429,-0.3808,100.00,"e_coli: 6 compounds (0 TP, 6 TN) | Avg Attr: -0.279 | Inactivity: 100.00% || s_aureus: 5 compounds (0 TP, 5 TN) | Avg Attr: -0.207 | Inactivity: 100.00%"
NEGATIVE SUBSTITUENTS,76,3604,CC[C@@]1(C)CCC[C@@H]1[C@H](C)/C=C/[C@H](C)C(C)C,S. aureus + E. coli (NOT C. albicans),2,11,0,11,-0.2397,-0.3088,100.00,"e_coli: 5 compounds (0 TP, 5 TN) | Avg Attr: -0.241 | Inactivity: 100.00% || s_aureus: 6 compounds (0 TP, 6 TN) | Avg Attr: -0.238 | Inactivity: 100.00%"
NEGATIVE SUBSTITUENTS,77,21974,NC(=O)N/N=C/C-CC1=CC=CC=C1,S. aureus + E. coli (NOT C. albicans),2,11,0,11,-0.2366,-0.3016,100.00,"e_coli: 7 compounds (0 TP, 7 TN) | Avg Attr: -0.244 | Inactivity: 100.00% || s_aureus: 4 compounds (0 TP, 4 TN) | Avg Attr: -0.229 | Inactivity: 100.00%"
NEGATIVE SUBSTITUENTS,78,7898,CN1C=C(C(-N)-S)C2=CC(Br)=CC=C21,S. aureus + E. coli (NOT C. albicans),2,11,0,11,-0.2057,-0.3090,100.00,"e_coli: 6 compounds (0 TP, 6 TN) | Avg Attr: -0.257 | Inactivity: 100.00% || s_aureus: 5 compounds (0 TP, 5 TN) | Avg Attr: -0.154 | Inactivity: 100.00%"
NEGATIVE SUBSTITUENTS,79,28007,OC[C@H]1O[C@@H](S)[C@H](O)[C@@H](O)[C@H]1O,S. aureus + E. coli (NOT C. albicans),2,11,0,11,-0.1958,-0.3555,100.00,"e_coli: 7 compounds (0 TP, 7 TN) | Avg Attr: -0.253 | Inactivity: 100.00% || s_aureus: 4 compounds (0 TP, 4 TN) | Avg Attr: -0.138 | Inactivity: 100.00%"
NEGATIVE SUBSTITUENTS,80,28763,COC1=CC=C(NC2=NN=NN2)C=C1,S. aureus + E. coli (NOT C. albicans),2,11,0,11,-0.1955,-0.2484,100.00,"e_coli: 5 compounds (0 TP, 5 TN) | Avg Attr: -0.174 | Inactivity: 100.00% || s_aureus: 6 compounds (0 TP, 6 TN) | Avg Attr: -0.217 | Inactivity: 100.00%"
NEGATIVE SUBSTITUENTS,81,64177,N-C-N[C@@H]1O[C@H](COS(=O)(=O)NC(=O)[C@@H](N)CO)[C@@H](O)[C@H]1O,S. aureus + E. coli (NOT C. albicans),2,11,0,11,-0.1705,-0.2743,100.00,"e_coli: 6 compounds (0 TP, 6 TN) | Avg Attr: -0.147 | Inactivity: 100.00% || s_aureus: 5 compounds (0 TP, 5 TN) | Avg Attr: -0.194 | Inactivity: 100.00%"
NEGATIVE SUBSTITUENTS,82,22659,O=CNC1=CC=C(C2=NC3=CC=C([N+](=O)[O-])C=C3N2O)C=C1,S. aureus + E. coli (NOT C. albicans),2,11,0,11,-0.1492,-0.2406,100.00,"e_coli: 5 compounds (0 TP, 5 TN) | Avg Attr: -0.165 | Inactivity: 100.00% || s_aureus: 6 compounds (0 TP, 6 TN) | Avg Attr: -0.133 | Inactivity: 100.00%"
NEGATIVE SUBSTITUENTS,83,15674,CN(N=O)C(N)=O,S. aureus + E. coli (NOT C. albicans),2,10,0,10,-0.3808,-0.3808,100.00,"e_coli: 5 compounds (0 TP, 5 TN) | Avg Attr: -0.381 | Inactivity: 100.00% || s_aureus: 5 compounds (0 TP, 5 TN) | Avg Attr: -0.381 | Inactivity: 100.00%"
NEGATIVE SUBSTITUENTS,84,64854,CCOC(=O)/C=C\S,S. aureus + E. coli (NOT C. albicans),2,10,0,10,-0.3477,-0.3808,100.00,"e_coli: 6 compounds (0 TP, 6 TN) | Avg Attr: -0.344 | Inactivity: 100.00% || s_aureus: 4 compounds (0 TP, 4 TN) | Avg Attr: -0.351 | Inactivity: 100.00%"
NEGATIVE SUBSTITUENTS,85,47516,CC1=NC(C)=C(C(=O)NC2=CC=CC(C)=C2C)S1,S. aureus + E. coli (NOT C. albicans),2,10,0,10,-0.3305,-0.3570,100.00,"e_coli: 5 compounds (0 TP, 5 TN) | Avg Attr: -0.309 | Inactivity: 100.00% || s_aureus: 5 compounds (0 TP, 5 TN) | Avg Attr: -0.352 | Inactivity: 100.00%"
NEGATIVE SUBSTITUENTS,86,31020,COC1=CC=C2C(=C1)C(C=O)=CN2C,S. aureus + E. coli (NOT C. albicans),2,10,0,10,-0.3188,-0.3613,100.00,"e_coli: 5 compounds (0 TP, 5 TN) | Avg Attr: -0.336 | Inactivity: 100.00% || s_aureus: 5 compounds (0 TP, 5 TN) | Avg Attr: -0.301 | Inactivity: 100.00%"
NEGATIVE SUBSTITUENTS,87,85276,CCC[C@@H](O)C(=O)CO,S. aureus + E. coli (NOT C. albicans),2,10,0,10,-0.3159,-0.3634,100.00,"e_coli: 5 compounds (0 TP, 5 TN) | Avg Attr: -0.325 | Inactivity: 100.00% || s_aureus: 5 compounds (0 TP, 5 TN) | Avg Attr: -0.307 | Inactivity: 100.00%"
NEGATIVE SUBSTITUENTS,88,26684,C=CC(=O)C(C)C,S. aureus + E. coli (NOT C. albicans),2,10,0,10,-0.2896,-0.3808,100.00,"e_coli: 4 compounds (0 TP, 4 TN) | Avg Attr: -0.252 | Inactivity: 100.00% || s_aureus: 6 compounds (0 TP, 6 TN) | Avg Attr: -0.328 | Inactivity: 100.00%"
NEGATIVE SUBSTITUENTS,89,49314,N-C(NC(=O)CC(=O)O)-S,S. aureus + E. coli (NOT C. albicans),2,10,0,10,-0.2814,-0.3808,100.00,"e_coli: 5 compounds (0 TP, 5 TN) | Avg Attr: -0.237 | Inactivity: 100.00% || s_aureus: 5 compounds (0 TP, 5 TN) | Avg Attr: -0.326 | Inactivity: 100.00%"
NEGATIVE SUBSTITUENTS,90,102633,COC1=CC=CC(F)=C1F,S. aureus + E. coli (NOT C. albicans),2,10,0,10,-0.2707,-0.3808,100.00,"e_coli: 6 compounds (0 TP, 6 TN) | Avg Attr: -0.162 | Inactivity: 100.00% || s_aureus: 4 compounds (0 TP, 4 TN) | Avg Attr: -0.379 | Inactivity: 100.00%"
NEGATIVE SUBSTITUENTS,91,5459,COC1=CC(/C=C/O)=CC(OC)=C1,S. aureus + E. coli (NOT C. albicans),2,10,0,10,-0.2632,-0.3808,100.00,"e_coli: 5 compounds (0 TP, 5 TN) | Avg Attr: -0.169 | Inactivity: 100.00% || s_aureus: 5 compounds (0 TP, 5 TN) | Avg Attr: -0.358 | Inactivity: 100.00%"
NEGATIVE SUBSTITUENTS,92,26686,C[C@H](O)C(C)OC-C-CO,S. aureus + E. coli (NOT C. albicans),2,10,0,10,-0.2579,-0.3758,100.00,"e_coli: 5 compounds (0 TP, 5 TN) | Avg Attr: -0.203 | Inactivity: 100.00% || s_aureus: 5 compounds (0 TP, 5 TN) | Avg Attr: -0.313 | Inactivity: 100.00%"
NEGATIVE SUBSTITUENTS,93,92960,C=C(CCCC)[C@H](C)CO,S. aureus + E. coli (NOT C. albicans),2,10,0,10,-0.2344,-0.2719,100.00,"e_coli: 5 compounds (0 TP, 5 TN) | Avg Attr: -0.244 | Inactivity: 100.00% || s_aureus: 5 compounds (0 TP, 5 TN) | Avg Attr: -0.225 | Inactivity: 100.00%"
NEGATIVE SUBSTITUENTS,94,1909,CC[C@H]1CC[C@H](O)[C@H]2C[C@@H](O)CC[C@@]21C,S. aureus + E. coli (NOT C. albicans),2,10,0,10,-0.2289,-0.3199,100.00,"e_coli: 5 compounds (0 TP, 5 TN) | Avg Attr: -0.201 | Inactivity: 100.00% || s_aureus: 5 compounds (0 TP, 5 TN) | Avg Attr: -0.256 | Inactivity: 100.00%"
NEGATIVE SUBSTITUENTS,95,18571,CSC1=NC=CN1CC1=CC=CC=C1,S. aureus + E. coli (NOT C. albicans),2,10,0,10,-0.2112,-0.3334,100.00,"e_coli: 5 compounds (0 TP, 5 TN) | Avg Attr: -0.159 | Inactivity: 100.00% || s_aureus: 5 compounds (0 TP, 5 TN) | Avg Attr: -0.264 | Inactivity: 100.00%"
NEGATIVE SUBSTITUENTS,96,72580,CC1=NOC(C)=C1C=O,S. aureus + E. coli (NOT C. albicans),2,10,0,10,-0.1906,-0.2876,100.00,"e_coli: 5 compounds (0 TP, 5 TN) | Avg Attr: -0.189 | Inactivity: 100.00% || s_aureus: 5 compounds (0 TP, 5 TN) | Avg Attr: -0.192 | Inactivity: 100.00%"
NEGATIVE SUBSTITUENTS,97,43077,CN(C)C(=S)S,S. aureus + E. coli (NOT C. albicans),2,9,0,9,-0.3808,-0.3808,100.00,"e_coli: 4 compounds (0 TP, 4 TN) | Avg Attr: -0.381 | Inactivity: 100.00% || s_aureus: 5 compounds (0 TP, 5 TN) | Avg Attr: -0.381 | Inactivity: 100.00%"
NEGATIVE SUBSTITUENTS,98,122821,CC1=CC(CNC2=CC=CC=C2)=CC=C1,S. aureus + E. coli (NOT C. albicans),2,9,0,9,-0.3469,-0.3746,100.00,"e_coli: 5 compounds (0 TP, 5 TN) | Avg Attr: -0.351 | Inactivity: 100.00% || s_aureus: 4 compounds (0 TP, 4 TN) | Avg Attr: -0.343 | Inactivity: 100.00%"
NEGATIVE SUBSTITUENTS,99,122825,CC1=CC(CN)=CC=C1,S. aureus + E. coli (NOT C. albicans),2,9,0,9,-0.3391,-0.3808,100.00,"e_coli: 5 compounds (0 TP, 5 TN) | Avg Attr: -0.373 | Inactivity: 100.00% || s_aureus: 4 compounds (0 TP, 4 TN) | Avg Attr: -0.305 | Inactivity: 100.00%"
NEGATIVE SUBSTITUENTS,100,77355,CC1=CC=C(Cl)C(C)=C1N,S. aureus + E. coli (NOT C. albicans),2,9,0,9,-0.3234,-0.3808,100.00,"e_coli: 4 compounds (0 TP, 4 TN) | Avg Attr: -0.266 | Inactivity: 100.00% || s_aureus: 5 compounds (0 TP, 5 TN) | Avg Attr: -0.381 | Inactivity: 100.00%"
NEGATIVE SUBSTITUENTS,101,14078,C=C(C)C=O,S. aureus + E. coli (NOT C. albicans),2,9,0,9,-0.3169,-0.3734,100.00,"e_coli: 4 compounds (0 TP, 4 TN) | Avg Attr: -0.322 | Inactivity: 100.00% || s_aureus: 5 compounds (0 TP, 5 TN) | Avg Attr: -0.312 | Inactivity: 100.00%"
NEGATIVE SUBSTITUENTS,102,43598,COC(=O)CC(=O)NC(-N)-S,S. aureus + E. coli (NOT C. albicans),2,9,0,9,-0.2865,-0.3808,100.00,"e_coli: 3 compounds (0 TP, 3 TN) | Avg Attr: -0.224 | Inactivity: 100.00% || s_aureus: 6 compounds (0 TP, 6 TN) | Avg Attr: -0.349 | Inactivity: 100.00%"
NEGATIVE SUBSTITUENTS,103,34678,C[C@H](C)OC=O,S. aureus + E. coli (NOT C. albicans),2,9,0,9,-0.2818,-0.3808,100.00,"e_coli: 4 compounds (0 TP, 4 TN) | Avg Attr: -0.281 | Inactivity: 100.00% || s_aureus: 5 compounds (0 TP, 5 TN) | Avg Attr: -0.283 | Inactivity: 100.00%"
NEGATIVE SUBSTITUENTS,104,16839,OC[C@H]1OC[C@H](F)[C@@H]1O,S. aureus + E. coli (NOT C. albicans),2,9,0,9,-0.2396,-0.2963,100.00,"e_coli: 5 compounds (0 TP, 5 TN) | Avg Attr: -0.206 | Inactivity: 100.00% || s_aureus: 4 compounds (0 TP, 4 TN) | Avg Attr: -0.273 | Inactivity: 100.00%"
NEGATIVE SUBSTITUENTS,105,6805,COC1=CC(/C=C/C(=O)C2=CC=C(N)C=C2)=CC(OC)=C1OC,S. aureus + E. coli (NOT C. albicans),2,9,0,9,-0.2241,-0.3210,100.00,"e_coli: 4 compounds (0 TP, 4 TN) | Avg Attr: -0.196 | Inactivity: 100.00% || s_aureus: 5 compounds (0 TP, 5 TN) | Avg Attr: -0.252 | Inactivity: 100.00%"
NEGATIVE SUBSTITUENTS,106,349,O=CCNC(=O)CC1=CC=CS1,S. aureus + E. coli (NOT C. albicans),2,9,0,9,-0.2165,-0.3613,100.00,"e_coli: 6 compounds (0 TP, 6 TN) | Avg Attr: -0.245 | Inactivity: 100.00% || s_aureus: 3 compounds (0 TP, 3 TN) | Avg Attr: -0.188 | Inactivity: 100.00%"
NEGATIVE SUBSTITUENTS,107,63156,COC1=CC=CC(N2C(C)=NC3=CC=CC=C3C2=O)=C1,S. aureus + E. coli (NOT C. albicans),2,9,0,9,-0.2078,-0.3157,100.00,"e_coli: 3 compounds (0 TP, 3 TN) | Avg Attr: -0.162 | Inactivity: 100.00% || s_aureus: 6 compounds (0 TP, 6 TN) | Avg Attr: -0.253 | Inactivity: 100.00%"
NEGATIVE SUBSTITUENTS,108,76298,C=C/C(=O)C1=CC=CC=C1F,S. aureus + E. coli (NOT C. albicans),2,9,0,9,-0.2040,-0.3808,100.00,"e_coli: 4 compounds (0 TP, 4 TN) | Avg Attr: -0.175 | Inactivity: 100.00% || s_aureus: 5 compounds (0 TP, 5 TN) | Avg Attr: -0.233 | Inactivity: 100.00%"
NEGATIVE SUBSTITUENTS,109,27657,CC(=O)OC[C@H]1O[C@@H](S)[C@H](OC(C)=O)[C@@H](OC(C)=O)[C@@H]1OC(C)=O,S. aureus + E. coli (NOT C. albicans),2,9,0,9,-0.1865,-0.3135,100.00,"e_coli: 5 compounds (0 TP, 5 TN) | Avg Attr: -0.217 | Inactivity: 100.00% || s_aureus: 4 compounds (0 TP, 4 TN) | Avg Attr: -0.156 | Inactivity: 100.00%"
NEGATIVE SUBSTITUENTS,110,92964,C=C(CC[C@@H](C)CCCO)[C@H](C)CO,S. aureus + E. coli (NOT C. albicans),2,9,0,9,-0.1736,-0.2386,100.00,"e_coli: 5 compounds (0 TP, 5 TN) | Avg Attr: -0.188 | Inactivity: 100.00% || s_aureus: 4 compounds (0 TP, 4 TN) | Avg Attr: -0.159 | Inactivity: 100.00%"
NEGATIVE SUBSTITUENTS,111,36575,C-C-C(OCCCC)-C,S. aureus + E. coli (NOT C. albicans),2,9,0,9,-0.1581,-0.2968,100.00,"e_coli: 6 compounds (0 TP, 6 TN) | Avg Attr: -0.177 | Inactivity: 100.00% || s_aureus: 3 compounds (0 TP, 3 TN) | Avg Attr: -0.139 | Inactivity: 100.00%"
NEGATIVE SUBSTITUENTS,112,31678,NNC1=CC(Cl)=CC(Cl)=C1,S. aureus + E. coli (NOT C. albicans),2,9,0,9,-0.1462,-0.1939,100.00,"e_coli: 3 compounds (0 TP, 3 TN) | Avg Attr: -0.120 | Inactivity: 100.00% || s_aureus: 6 compounds (0 TP, 6 TN) | Avg Attr: -0.173 | Inactivity: 100.00%"
NEGATIVE SUBSTITUENTS,113,15191,COC-C-C(=O)-O,S. aureus + E. coli (NOT C. albicans),2,8,0,8,-0.3725,-0.3808,100.00,"e_coli: 3 compounds (0 TP, 3 TN) | Avg Attr: -0.381 | Inactivity: 100.00% || s_aureus: 5 compounds (0 TP, 5 TN) | Avg Attr: -0.364 | Inactivity: 100.00%"
NEGATIVE SUBSTITUENTS,114,11633,COC(=O)C[C@H](C(=O)OC)CC(=O)OC,S. aureus + E. coli (NOT C. albicans),2,8,0,8,-0.3621,-0.3808,100.00,"e_coli: 4 compounds (0 TP, 4 TN) | Avg Attr: -0.343 | Inactivity: 100.00% || s_aureus: 4 compounds (0 TP, 4 TN) | Avg Attr: -0.381 | Inactivity: 100.00%"
NEGATIVE SUBSTITUENTS,115,47436,CN1C=C(C=O)C2=CC(Br)=CC=C21,S. aureus + E. coli (NOT C. albicans),2,8,0,8,-0.3541,-0.3779,100.00,"e_coli: 4 compounds (0 TP, 4 TN) | Avg Attr: -0.366 | Inactivity: 100.00% || s_aureus: 4 compounds (0 TP, 4 TN) | Avg Attr: -0.342 | Inactivity: 100.00%"
NEGATIVE SUBSTITUENTS,116,83586,CN1C=CC2=CC(F)=CC=C21,S. aureus + E. coli (NOT C. albicans),2,8,0,8,-0.3503,-0.3681,100.00,"e_coli: 4 compounds (0 TP, 4 TN) | Avg Attr: -0.354 | Inactivity: 100.00% || s_aureus: 4 compounds (0 TP, 4 TN) | Avg Attr: -0.347 | Inactivity: 100.00%"
NEGATIVE SUBSTITUENTS,117,61623,COC1=CC=C2C(=C1)C=CN2C,S. aureus + E. coli (NOT C. albicans),2,8,0,8,-0.3320,-0.3808,100.00,"e_coli: 4 compounds (0 TP, 4 TN) | Avg Attr: -0.346 | Inactivity: 100.00% || s_aureus: 4 compounds (0 TP, 4 TN) | Avg Attr: -0.318 | Inactivity: 100.00%"
NEGATIVE SUBSTITUENTS,118,85281,CC1=CC(=O)OC1=O,S. aureus + E. coli (NOT C. albicans),2,8,0,8,-0.3165,-0.3459,100.00,"e_coli: 4 compounds (0 TP, 4 TN) | Avg Attr: -0.301 | Inactivity: 100.00% || s_aureus: 4 compounds (0 TP, 4 TN) | Avg Attr: -0.332 | Inactivity: 100.00%"
NEGATIVE SUBSTITUENTS,119,51493,CNC1=CC=CC=C1C(=O)O,S. aureus + E. coli (NOT C. albicans),2,8,0,8,-0.3099,-0.3808,100.00,"e_coli: 4 compounds (0 TP, 4 TN) | Avg Attr: -0.263 | Inactivity: 100.00% || s_aureus: 4 compounds (0 TP, 4 TN) | Avg Attr: -0.357 | Inactivity: 100.00%"
NEGATIVE SUBSTITUENTS,120,85275,CC(CC1=CC(=O)OC1=O)C(=O)O,S. aureus + E. coli (NOT C. albicans),2,8,0,8,-0.2994,-0.3398,100.00,"e_coli: 4 compounds (0 TP, 4 TN) | Avg Attr: -0.313 | Inactivity: 100.00% || s_aureus: 4 compounds (0 TP, 4 TN) | Avg Attr: -0.285 | Inactivity: 100.00%"
NEGATIVE SUBSTITUENTS,121,31950,COC1=CC=C2N=C(CN3CCN(C=O)CC3)C=C(OC)C2=C1,S. aureus + E. coli (NOT C. albicans),2,8,0,8,-0.2989,-0.3808,100.00,"e_coli: 4 compounds (0 TP, 4 TN) | Avg Attr: -0.338 | Inactivity: 100.00% || s_aureus: 4 compounds (0 TP, 4 TN) | Avg Attr: -0.260 | Inactivity: 100.00%"
NEGATIVE SUBSTITUENTS,122,52483,C-C(OC)-C(C(=O)OC)-CC,S. aureus + E. coli (NOT C. albicans),2,8,0,8,-0.2668,-0.2970,100.00,"e_coli: 4 compounds (0 TP, 4 TN) | Avg Attr: -0.263 | Inactivity: 100.00% || s_aureus: 4 compounds (0 TP, 4 TN) | Avg Attr: -0.270 | Inactivity: 100.00%"
NEGATIVE SUBSTITUENTS,123,61639,O=C1C(O)=C(C2=CC=C(O)C(O)=C2)OC2=CC(O)=CC(O)=C12,S. aureus + E. coli (NOT C. albicans),2,8,0,8,-0.2523,-0.3808,100.00,"e_coli: 5 compounds (0 TP, 5 TN) | Avg Attr: -0.264 | Inactivity: 100.00% || s_aureus: 3 compounds (0 TP, 3 TN) | Avg Attr: -0.240 | Inactivity: 100.00%"
NEGATIVE SUBSTITUENTS,124,98834,CCOC(=O)C1=C(C2=CC=C(OCC3=C(Cl)C=CC=C3Cl)C=C2)N=C(NC=O)S1,S. aureus + E. coli (NOT C. albicans),2,8,0,8,-0.2391,-0.3066,100.00,"e_coli: 4 compounds (0 TP, 4 TN) | Avg Attr: -0.267 | Inactivity: 100.00% || s_aureus: 4 compounds (0 TP, 4 TN) | Avg Attr: -0.211 | Inactivity: 100.00%"
NEGATIVE SUBSTITUENTS,125,112998,C=C(CC[C@@H](C)[C@H]1C[C@@H](O)C[C@]1(C)CC)[C@H](C)CO,S. aureus + E. coli (NOT C. albicans),2,8,0,8,-0.2346,-0.2867,100.00,"e_coli: 4 compounds (0 TP, 4 TN) | Avg Attr: -0.237 | Inactivity: 100.00% || s_aureus: 4 compounds (0 TP, 4 TN) | Avg Attr: -0.232 | Inactivity: 100.00%"
NEGATIVE SUBSTITUENTS,126,1522,C-C-N-CC1=CC=CO1,S. aureus + E. coli (NOT C. albicans),2,8,0,8,-0.2089,-0.3004,100.00,"e_coli: 4 compounds (0 TP, 4 TN) | Avg Attr: -0.186 | Inactivity: 100.00% || s_aureus: 4 compounds (0 TP, 4 TN) | Avg Attr: -0.232 | Inactivity: 100.00%"
NEGATIVE SUBSTITUENTS,127,12570,NS(=O)(=O)C1=CC=C(C(=O)NC2=CC=CN=C2)C=C1,S. aureus + E. coli (NOT C. albicans),2,8,0,8,-0.1885,-0.2397,100.00,"e_coli: 4 compounds (0 TP, 4 TN) | Avg Attr: -0.213 | Inactivity: 100.00% || s_aureus: 4 compounds (0 TP, 4 TN) | Avg Attr: -0.164 | Inactivity: 100.00%"
NEGATIVE SUBSTITUENTS,128,85278,CC([C@@H](O)C(=O)[C@H](O)CCC)CCCCCCC,S. aureus + E. coli (NOT C. albicans),2,8,0,8,-0.1790,-0.2655,100.00,"e_coli: 4 compounds (0 TP, 4 TN) | Avg Attr: -0.152 | Inactivity: 100.00% || s_aureus: 4 compounds (0 TP, 4 TN) | Avg Attr: -0.206 | Inactivity: 100.00%"
NEGATIVE SUBSTITUENTS,129,27149,COCOC(C)=O,S. aureus + E. coli (NOT C. albicans),2,8,0,8,-0.1780,-0.3618,100.00,"e_coli: 4 compounds (0 TP, 4 TN) | Avg Attr: -0.173 | Inactivity: 100.00% || s_aureus: 4 compounds (0 TP, 4 TN) | Avg Attr: -0.183 | Inactivity: 100.00%"
NEGATIVE SUBSTITUENTS,130,25469,C=C[C@]1(C[C@@H](O)CCC1C)OO,S. aureus + E. coli (NOT C. albicans),2,8,0,8,-0.1691,-0.2159,100.00,"e_coli: 4 compounds (0 TP, 4 TN) | Avg Attr: -0.184 | Inactivity: 100.00% || s_aureus: 4 compounds (0 TP, 4 TN) | Avg Attr: -0.154 | Inactivity: 100.00%"
NEGATIVE SUBSTITUENTS,131,2892,O=[N+]([O-])C1=CC=C(C2=CN3N=CSC3=N2)C=C1,S. aureus + E. coli (NOT C. albicans),2,8,0,8,-0.1371,-0.1820,100.00,"e_coli: 4 compounds (0 TP, 4 TN) | Avg Attr: -0.137 | Inactivity: 100.00% || s_aureus: 4 compounds (0 TP, 4 TN) | Avg Attr: -0.137 | Inactivity: 100.00%"
NEGATIVE SUBSTITUENTS,132,38611,C=C/CC,S. aureus + E. coli (NOT C. albicans),2,7,0,7,-0.3808,-0.3808,100.00,"e_coli: 3 compounds (0 TP, 3 TN) | Avg Attr: -0.381 | Inactivity: 100.00% || s_aureus: 4 compounds (0 TP, 4 TN) | Avg Attr: -0.381 | Inactivity: 100.00%"
NEGATIVE SUBSTITUENTS,133,119875,CC1=C(O)C=C(O)C2=C1[C@H](C)[C@@H](C)OC2,S. aureus + E. coli (NOT C. albicans),2,7,0,7,-0.3804,-0.3808,100.00,"e_coli: 4 compounds (0 TP, 4 TN) | Avg Attr: -0.381 | Inactivity: 100.00% || s_aureus: 3 compounds (0 TP, 3 TN) | Avg Attr: -0.380 | Inactivity: 100.00%"
NEGATIVE SUBSTITUENTS,134,121889,CC1=CC(=O)OC2=CC(OC(=O)CN)=C([N+](=O)[O-])C=C12,S. aureus + E. coli (NOT C. albicans),2,7,0,7,-0.3312,-0.3788,100.00,"e_coli: 3 compounds (0 TP, 3 TN) | Avg Attr: -0.346 | Inactivity: 100.00% || s_aureus: 4 compounds (0 TP, 4 TN) | Avg Attr: -0.316 | Inactivity: 100.00%"
NEGATIVE SUBSTITUENTS,135,62071,CC1=CC(Br)=CC=C1Cl,S. aureus + E. coli (NOT C. albicans),2,7,0,7,-0.3294,-0.3808,100.00,"e_coli: 3 compounds (0 TP, 3 TN) | Avg Attr: -0.381 | Inactivity: 100.00% || s_aureus: 4 compounds (0 TP, 4 TN) | Avg Attr: -0.278 | Inactivity: 100.00%"
NEGATIVE SUBSTITUENTS,136,24737,CCCCCCCCOC,S. aureus + E. coli (NOT C. albicans),2,7,0,7,-0.3280,-0.3808,100.00,"e_coli: 4 compounds (0 TP, 4 TN) | Avg Attr: -0.291 | Inactivity: 100.00% || s_aureus: 3 compounds (0 TP, 3 TN) | Avg Attr: -0.365 | Inactivity: 100.00%"
NEGATIVE SUBSTITUENTS,137,67253,CC(=O)C1=CC=C(F)C=C1F,S. aureus + E. coli (NOT C. albicans),2,7,0,7,-0.3254,-0.3808,100.00,"e_coli: 4 compounds (0 TP, 4 TN) | Avg Attr: -0.297 | Inactivity: 100.00% || s_aureus: 3 compounds (0 TP, 3 TN) | Avg Attr: -0.354 | Inactivity: 100.00%"
NEGATIVE SUBSTITUENTS,138,65326,C[C@H](/C=C/C=C/C=C/[C@H](O)CC(=O)O)[C@@H](O)[C@H](C)C[C@@H](C)[C@H](O)CC=O,S. aureus + E. coli (NOT C. albicans),2,7,0,7,-0.3237,-0.3808,100.00,"e_coli: 4 compounds (0 TP, 4 TN) | Avg Attr: -0.334 | Inactivity: 100.00% || s_aureus: 3 compounds (0 TP, 3 TN) | Avg Attr: -0.313 | Inactivity: 100.00%"
NEGATIVE SUBSTITUENTS,139,1191,CNC(=O)OC(C)(C)C,S. aureus + E. coli (NOT C. albicans),2,7,0,7,-0.3232,-0.3808,100.00,"e_coli: 3 compounds (0 TP, 3 TN) | Avg Attr: -0.329 | Inactivity: 100.00% || s_aureus: 4 compounds (0 TP, 4 TN) | Avg Attr: -0.317 | Inactivity: 100.00%"
NEGATIVE SUBSTITUENTS,140,102196,NC(=O)C1=CC(Br)=CN1,S. aureus + E. coli (NOT C. albicans),2,7,0,7,-0.3172,-0.3808,100.00,"e_coli: 4 compounds (0 TP, 4 TN) | Avg Attr: -0.257 | Inactivity: 100.00% || s_aureus: 3 compounds (0 TP, 3 TN) | Avg Attr: -0.377 | Inactivity: 100.00%"
NEGATIVE SUBSTITUENTS,141,14586,C-C(O)-C(C)-C[C@H](C)[C@@H](C)O,S. aureus + E. coli (NOT C. albicans),2,7,0,7,-0.3160,-0.3578,100.00,"e_coli: 4 compounds (0 TP, 4 TN) | Avg Attr: -0.278 | Inactivity: 100.00% || s_aureus: 3 compounds (0 TP, 3 TN) | Avg Attr: -0.354 | Inactivity: 100.00%"
NEGATIVE SUBSTITUENTS,142,5548,COC1=CC=C(CC2=CC=CC=C2O)C=C1,S. aureus + E. coli (NOT C. albicans),2,7,0,7,-0.3044,-0.3788,100.00,"e_coli: 4 compounds (0 TP, 4 TN) | Avg Attr: -0.330 | Inactivity: 100.00% || s_aureus: 3 compounds (0 TP, 3 TN) | Avg Attr: -0.279 | Inactivity: 100.00%"
NEGATIVE SUBSTITUENTS,143,66206,CCOC(=O)C(=O)NC(-N)-S,S. aureus + E. coli (NOT C. albicans),2,7,0,7,-0.2880,-0.3808,100.00,"e_coli: 3 compounds (0 TP, 3 TN) | Avg Attr: -0.226 | Inactivity: 100.00% || s_aureus: 4 compounds (0 TP, 4 TN) | Avg Attr: -0.350 | Inactivity: 100.00%"
NEGATIVE SUBSTITUENTS,144,24949,C-C-C(O)-COC,S. aureus + E. coli (NOT C. albicans),2,7,0,7,-0.2796,-0.3583,100.00,"e_coli: 4 compounds (0 TP, 4 TN) | Avg Attr: -0.204 | Inactivity: 100.00% || s_aureus: 3 compounds (0 TP, 3 TN) | Avg Attr: -0.355 | Inactivity: 100.00%"
NEGATIVE SUBSTITUENTS,145,71880,COC1=CC=C(CC2=CC=C3C=CC=CC3=C2O)C=C1,S. aureus + E. coli (NOT C. albicans),2,7,0,7,-0.2787,-0.3610,100.00,"e_coli: 4 compounds (0 TP, 4 TN) | Avg Attr: -0.334 | Inactivity: 100.00% || s_aureus: 3 compounds (0 TP, 3 TN) | Avg Attr: -0.223 | Inactivity: 100.00%"
NEGATIVE SUBSTITUENTS,146,27659,C=N/N1C(S[C@@H]2O[C@H](COC(C)=O)[C@@H](OC(C)=O)[C@H](OC(C)=O)[C@H]2OC(C)=O)=NN=C1C1=CC=CC=C1O,S. aureus + E. coli (NOT C. albicans),2,7,0,7,-0.2700,-0.3808,100.00,"e_coli: 3 compounds (0 TP, 3 TN) | Avg Attr: -0.357 | Inactivity: 100.00% || s_aureus: 4 compounds (0 TP, 4 TN) | Avg Attr: -0.183 | Inactivity: 100.00%"
NEGATIVE SUBSTITUENTS,147,29754,CC1=C(C2=CSC=N2)OC(C2=CC=CC=C2)=N1,S. aureus + E. coli (NOT C. albicans),2,7,0,7,-0.2612,-0.3746,100.00,"e_coli: 3 compounds (0 TP, 3 TN) | Avg Attr: -0.355 | Inactivity: 100.00% || s_aureus: 4 compounds (0 TP, 4 TN) | Avg Attr: -0.167 | Inactivity: 100.00%"
NEGATIVE SUBSTITUENTS,148,163554,OCC(F)(F)C(F)(F)C(F)(F)C(F)F,S. aureus + E. coli (NOT C. albicans),2,8,1,7,-0.2600,-0.3808,90.00,"e_coli: 3 compounds (0 TP, 3 TN) | Avg Attr: -0.194 | Inactivity: 100.00% || s_aureus: 5 compounds (1 TP, 4 TN) | Avg Attr: -0.326 | Inactivity: 80.00%"
NEGATIVE SUBSTITUENTS,149,68062,C-C(C)-C(OC(C)=O)-C,S. aureus + E. coli (NOT C. albicans),2,7,0,7,-0.2367,-0.3671,100.00,"e_coli: 3 compounds (0 TP, 3 TN) | Avg Attr: -0.159 | Inactivity: 100.00% || s_aureus: 4 compounds (0 TP, 4 TN) | Avg Attr: -0.314 | Inactivity: 100.00%"
NEGATIVE SUBSTITUENTS,150,47757,CN1C=NC2=C(N3CCOCC3)N=CN=C21,S. aureus + E. coli (NOT C. albicans),2,7,0,7,-0.2195,-0.2888,100.00,"e_coli: 3 compounds (0 TP, 3 TN) | Avg Attr: -0.283 | Inactivity: 100.00% || s_aureus: 4 compounds (0 TP, 4 TN) | Avg Attr: -0.156 | Inactivity: 100.00%"
NEGATIVE SUBSTITUENTS,151,45344,CC(=O)C1=C(C)N=C(SCC(N)=O)N1C1=CC=C(F)C=C1,S. aureus + E. coli (NOT C. albicans),2,7,0,7,-0.2090,-0.3230,100.00,"e_coli: 4 compounds (0 TP, 4 TN) | Avg Attr: -0.242 | Inactivity: 100.00% || s_aureus: 3 compounds (0 TP, 3 TN) | Avg Attr: -0.176 | Inactivity: 100.00%"
NEGATIVE SUBSTITUENTS,152,52485,CC1=CC(OC)=C(C(=O)OC)C(C)=C1CO,S. aureus + E. coli (NOT C. albicans),2,7,0,7,-0.1785,-0.2239,100.00,"e_coli: 4 compounds (0 TP, 4 TN) | Avg Attr: -0.183 | Inactivity: 100.00% || s_aureus: 3 compounds (0 TP, 3 TN) | Avg Attr: -0.174 | Inactivity: 100.00%"
NEGATIVE SUBSTITUENTS,153,81290,COC1=CC=C(OC)C(C2=CN3N=CSC3=N2)=C1,S. aureus + E. coli (NOT C. albicans),2,7,0,7,-0.1357,-0.1582,100.00,"e_coli: 3 compounds (0 TP, 3 TN) | Avg Attr: -0.149 | Inactivity: 100.00% || s_aureus: 4 compounds (0 TP, 4 TN) | Avg Attr: -0.123 | Inactivity: 100.00%"
NEGATIVE SUBSTITUENTS,154,11754,CC1=CC=CC2=CC(/C=N/NC(N)=S)=C(Cl)N=C12,S. aureus + E. coli (NOT C. albicans),2,6,0,6,-0.3808,-0.3808,100.00,"e_coli: 3 compounds (0 TP, 3 TN) | Avg Attr: -0.381 | Inactivity: 100.00% || s_aureus: 3 compounds (0 TP, 3 TN) | Avg Attr: -0.381 | Inactivity: 100.00%"
NEGATIVE SUBSTITUENTS,155,179153,NC(=O)O/N=C(/Cl)CCl,S. aureus + E. coli (NOT C. albicans),2,6,0,6,-0.3808,-0.3808,100.00,"e_coli: 3 compounds (0 TP, 3 TN) | Avg Attr: -0.381 | Inactivity: 100.00% || s_aureus: 3 compounds (0 TP, 3 TN) | Avg Attr: -0.381 | Inactivity: 100.00%"
NEGATIVE SUBSTITUENTS,156,12356,C[C@@H](N)CC(=O)NN(C)CC(=O)O,S. aureus + E. coli (NOT C. albicans),2,6,0,6,-0.3808,-0.3808,100.00,"e_coli: 3 compounds (0 TP, 3 TN) | Avg Attr: -0.381 | Inactivity: 100.00% || s_aureus: 3 compounds (0 TP, 3 TN) | Avg Attr: -0.381 | Inactivity: 100.00%"
NEGATIVE SUBSTITUENTS,157,24489,CNC(N)=S,S. aureus + E. coli (NOT C. albicans),2,6,0,6,-0.3709,-0.3808,100.00,"e_coli: 3 compounds (0 TP, 3 TN) | Avg Attr: -0.369 | Inactivity: 100.00% || s_aureus: 3 compounds (0 TP, 3 TN) | Avg Attr: -0.373 | Inactivity: 100.00%"
NEGATIVE SUBSTITUENTS,158,46163,CC1=CC=CC(NC(=O)C2=CC=CN2)=C1C,S. aureus + E. coli (NOT C. albicans),2,6,0,6,-0.3621,-0.3808,100.00,"e_coli: 3 compounds (0 TP, 3 TN) | Avg Attr: -0.343 | Inactivity: 100.00% || s_aureus: 3 compounds (0 TP, 3 TN) | Avg Attr: -0.381 | Inactivity: 100.00%"
NEGATIVE SUBSTITUENTS,159,83585,CN1C=C(C=O)C2=CC(F)=CC=C21,S. aureus + E. coli (NOT C. albicans),2,6,0,6,-0.3619,-0.3808,100.00,"e_coli: 3 compounds (0 TP, 3 TN) | Avg Attr: -0.372 | Inactivity: 100.00% || s_aureus: 3 compounds (0 TP, 3 TN) | Avg Attr: -0.352 | Inactivity: 100.00%"
NEGATIVE SUBSTITUENTS,160,9425,CC(C)=CCC/C(C)=C/CC/C(C)=C/CC/C(C)=C/CN-C-N,S. aureus + E. coli (NOT C. albicans),2,6,0,6,-0.3543,-0.3808,100.00,"e_coli: 3 compounds (0 TP, 3 TN) | Avg Attr: -0.365 | Inactivity: 100.00% || s_aureus: 3 compounds (0 TP, 3 TN) | Avg Attr: -0.343 | Inactivity: 100.00%"
NEGATIVE SUBSTITUENTS,161,12357,CCNC(=O)OC(C)(C)C,S. aureus + E. coli (NOT C. albicans),2,6,0,6,-0.3345,-0.3808,100.00,"e_coli: 3 compounds (0 TP, 3 TN) | Avg Attr: -0.344 | Inactivity: 100.00% || s_aureus: 3 compounds (0 TP, 3 TN) | Avg Attr: -0.325 | Inactivity: 100.00%"
NEGATIVE SUBSTITUENTS,162,150714,CC1=CC2=CC=C(OC)C=C2N=C1Cl,S. aureus + E. coli (NOT C. albicans),2,6,0,6,-0.3317,-0.3808,100.00,"e_coli: 3 compounds (0 TP, 3 TN) | Avg Attr: -0.367 | Inactivity: 100.00% || s_aureus: 3 compounds (0 TP, 3 TN) | Avg Attr: -0.297 | Inactivity: 100.00%"
NEGATIVE SUBSTITUENTS,163,19798,N-C(NC(=O)C(=O)O)-S,S. aureus + E. coli (NOT C. albicans),2,6,0,6,-0.3307,-0.3808,100.00,"e_coli: 3 compounds (0 TP, 3 TN) | Avg Attr: -0.281 | Inactivity: 100.00% || s_aureus: 3 compounds (0 TP, 3 TN) | Avg Attr: -0.381 | Inactivity: 100.00%"
NEGATIVE SUBSTITUENTS,164,1406,COC(=O)C1=C(O)C(OC)=C(O)C(C)=C1,S. aureus + E. coli (NOT C. albicans),2,6,0,6,-0.3169,-0.3808,100.00,"e_coli: 3 compounds (0 TP, 3 TN) | Avg Attr: -0.253 | Inactivity: 100.00% || s_aureus: 3 compounds (0 TP, 3 TN) | Avg Attr: -0.381 | Inactivity: 100.00%"
NEGATIVE SUBSTITUENTS,165,82764,CC[C@@H]1C(C)CC[C@]2(C)[C@@H]([C@H](C)CC/C=C(\C)C(=O)O)CC[C@@]12C,S. aureus + E. coli (NOT C. albicans),2,6,0,6,-0.3136,-0.3451,100.00,"e_coli: 3 compounds (0 TP, 3 TN) | Avg Attr: -0.322 | Inactivity: 100.00% || s_aureus: 3 compounds (0 TP, 3 TN) | Avg Attr: -0.305 | Inactivity: 100.00%"
NEGATIVE SUBSTITUENTS,166,53569,CC1=CC2=CC(C)=CC=C2N=C1Cl,S. aureus + E. coli (NOT C. albicans),2,6,0,6,-0.3117,-0.3808,100.00,"e_coli: 3 compounds (0 TP, 3 TN) | Avg Attr: -0.356 | Inactivity: 100.00% || s_aureus: 3 compounds (0 TP, 3 TN) | Avg Attr: -0.267 | Inactivity: 100.00%"
NEGATIVE SUBSTITUENTS,167,58472,OC1=CC2=CC=C(Br)C=C2C=C1,S. aureus + E. coli (NOT C. albicans),2,6,0,6,-0.3111,-0.3808,100.00,"e_coli: 3 compounds (0 TP, 3 TN) | Avg Attr: -0.377 | Inactivity: 100.00% || s_aureus: 3 compounds (0 TP, 3 TN) | Avg Attr: -0.245 | Inactivity: 100.00%"
NEGATIVE SUBSTITUENTS,168,47280,COC1=CC=C2N=C(C)N(C3=CC=CC=C3)C(=O)C2=C1,S. aureus + E. coli (NOT C. albicans),2,6,0,6,-0.3062,-0.3808,100.00,"e_coli: 3 compounds (0 TP, 3 TN) | Avg Attr: -0.236 | Inactivity: 100.00% || s_aureus: 3 compounds (0 TP, 3 TN) | Avg Attr: -0.377 | Inactivity: 100.00%"
NEGATIVE SUBSTITUENTS,169,15021,COC1=CC(CC2=CN=C(N)N=C2N)=CC(OC)=C1OC,S. aureus + E. coli (NOT C. albicans),2,6,0,6,-0.3043,-0.3482,100.00,"e_coli: 3 compounds (0 TP, 3 TN) | Avg Attr: -0.273 | Inactivity: 100.00% || s_aureus: 3 compounds (0 TP, 3 TN) | Avg Attr: -0.336 | Inactivity: 100.00%"
NEGATIVE SUBSTITUENTS,170,114587,CC1=CC=CC(NC(=O)C2=CC=NC=C2)=C1C,S. aureus + E. coli (NOT C. albicans),2,6,0,6,-0.3041,-0.3808,100.00,"e_coli: 3 compounds (0 TP, 3 TN) | Avg Attr: -0.227 | Inactivity: 100.00% || s_aureus: 3 compounds (0 TP, 3 TN) | Avg Attr: -0.381 | Inactivity: 100.00%"
NEGATIVE SUBSTITUENTS,171,75905,N-C(NC(=O)CCC(=O)O)-S,S. aureus + E. coli (NOT C. albicans),2,6,0,6,-0.3039,-0.3808,100.00,"e_coli: 3 compounds (0 TP, 3 TN) | Avg Attr: -0.268 | Inactivity: 100.00% || s_aureus: 3 compounds (0 TP, 3 TN) | Avg Attr: -0.340 | Inactivity: 100.00%"
NEGATIVE SUBSTITUENTS,172,104697,CC[C@H]1C(O)C[C@H](O)[C@H]2C[C@@H](O)CC[C@@]21C,S. aureus + E. coli (NOT C. albicans),2,6,0,6,-0.3032,-0.3354,100.00,"e_coli: 3 compounds (0 TP, 3 TN) | Avg Attr: -0.300 | Inactivity: 100.00% || s_aureus: 3 compounds (0 TP, 3 TN) | Avg Attr: -0.307 | Inactivity: 100.00%"
NEGATIVE SUBSTITUENTS,173,106264,CC[C@@H](C)OC,S. aureus + E. coli (NOT C. albicans),2,6,0,6,-0.2941,-0.3381,100.00,"e_coli: 3 compounds (0 TP, 3 TN) | Avg Attr: -0.272 | Inactivity: 100.00% || s_aureus: 3 compounds (0 TP, 3 TN) | Avg Attr: -0.316 | Inactivity: 100.00%"
NEGATIVE SUBSTITUENTS,174,5756,C-C-C(OCC1=CN(C2=CC=CC(Cl)=C2)N=N1)-C,S. aureus + E. coli (NOT C. albicans),2,6,0,6,-0.2903,-0.3634,100.00,"e_coli: 3 compounds (0 TP, 3 TN) | Avg Attr: -0.342 | Inactivity: 100.00% || s_aureus: 3 compounds (0 TP, 3 TN) | Avg Attr: -0.238 | Inactivity: 100.00%"
NEGATIVE SUBSTITUENTS,175,70420,O=C1CSC2=NN=CN2N1,S. aureus + E. coli (NOT C. albicans),2,6,0,6,-0.2892,-0.3231,100.00,"e_coli: 3 compounds (0 TP, 3 TN) | Avg Attr: -0.293 | Inactivity: 100.00% || s_aureus: 3 compounds (0 TP, 3 TN) | Avg Attr: -0.285 | Inactivity: 100.00%"
NEGATIVE SUBSTITUENTS,176,13361,O=CNC1=NC(C2=CC=CC=C2)=CS1,S. aureus + E. coli (NOT C. albicans),2,6,0,6,-0.2755,-0.3808,100.00,"e_coli: 3 compounds (0 TP, 3 TN) | Avg Attr: -0.205 | Inactivity: 100.00% || s_aureus: 3 compounds (0 TP, 3 TN) | Avg Attr: -0.346 | Inactivity: 100.00%"
NEGATIVE SUBSTITUENTS,177,70421,O=C1CSC2=NN=C(C3=CC=C(S(=O)=O)C=C3)N2N1,S. aureus + E. coli (NOT C. albicans),2,6,0,6,-0.2729,-0.3668,100.00,"e_coli: 3 compounds (0 TP, 3 TN) | Avg Attr: -0.344 | Inactivity: 100.00% || s_aureus: 3 compounds (0 TP, 3 TN) | Avg Attr: -0.201 | Inactivity: 100.00%"
NEGATIVE SUBSTITUENTS,178,16556,OC1=CC(O)=CC(=C1)O,S. aureus + E. coli (NOT C. albicans),2,6,0,6,-0.2696,-0.2998,100.00,"e_coli: 3 compounds (0 TP, 3 TN) | Avg Attr: -0.275 | Inactivity: 100.00% || s_aureus: 3 compounds (0 TP, 3 TN) | Avg Attr: -0.264 | Inactivity: 100.00%"
NEGATIVE SUBSTITUENTS,179,84665,COC(=O)C1=CC(OC)=C(O)C(C)=C1,S. aureus + E. coli (NOT C. albicans),2,6,0,6,-0.2663,-0.3627,100.00,"e_coli: 3 compounds (0 TP, 3 TN) | Avg Attr: -0.262 | Inactivity: 100.00% || s_aureus: 3 compounds (0 TP, 3 TN) | Avg Attr: -0.271 | Inactivity: 100.00%"
NEGATIVE SUBSTITUENTS,180,57468,COC1=CC(C(=N)C)=CC(OC)=C1OC,S. aureus + E. coli (NOT C. albicans),2,6,0,6,-0.2583,-0.3192,100.00,"e_coli: 3 compounds (0 TP, 3 TN) | Avg Attr: -0.211 | Inactivity: 100.00% || s_aureus: 3 compounds (0 TP, 3 TN) | Avg Attr: -0.306 | Inactivity: 100.00%"
NEGATIVE SUBSTITUENTS,181,53887,C-C(C#N)-C(=O)-C-C(N)-CF,S. aureus + E. coli (NOT C. albicans),2,6,0,6,-0.2559,-0.3808,100.00,"e_coli: 3 compounds (0 TP, 3 TN) | Avg Attr: -0.337 | Inactivity: 100.00% || s_aureus: 3 compounds (0 TP, 3 TN) | Avg Attr: -0.174 | Inactivity: 100.00%"
NEGATIVE SUBSTITUENTS,182,25969,COC1=C(O)C=C(O)C(=C1CC=C(C)C)C=O,S. aureus + E. coli (NOT C. albicans),2,6,0,6,-0.2376,-0.3808,100.00,"e_coli: 3 compounds (0 TP, 3 TN) | Avg Attr: -0.220 | Inactivity: 100.00% || s_aureus: 3 compounds (0 TP, 3 TN) | Avg Attr: -0.256 | Inactivity: 100.00%"
NEGATIVE SUBSTITUENTS,183,87711,C=CC(C)CCO,S. aureus + E. coli (NOT C. albicans),2,6,0,6,-0.2357,-0.3339,100.00,"e_coli: 3 compounds (0 TP, 3 TN) | Avg Attr: -0.316 | Inactivity: 100.00% || s_aureus: 3 compounds (0 TP, 3 TN) | Avg Attr: -0.155 | Inactivity: 100.00%"
NEGATIVE SUBSTITUENTS,184,87712,C=CC(C)C[C@@H](O)C(C)[C@H](C)CC,S. aureus + E. coli (NOT C. albicans),2,6,0,6,-0.2325,-0.3133,100.00,"e_coli: 3 compounds (0 TP, 3 TN) | Avg Attr: -0.286 | Inactivity: 100.00% || s_aureus: 3 compounds (0 TP, 3 TN) | Avg Attr: -0.179 | Inactivity: 100.00%"
NEGATIVE SUBSTITUENTS,185,26680,C[C@@H]1[C@@](C)(O)[C@@H](O)C[C@H]2C(C)(C)C(=O)C=C[C@]12C,S. aureus + E. coli (NOT C. albicans),2,6,0,6,-0.2153,-0.2943,100.00,"e_coli: 3 compounds (0 TP, 3 TN) | Avg Attr: -0.293 | Inactivity: 100.00% || s_aureus: 3 compounds (0 TP, 3 TN) | Avg Attr: -0.137 | Inactivity: 100.00%"
NEGATIVE SUBSTITUENTS,186,72581,CC1=CC=CC(NC(=O)C2=C(C)ON=C2C)=C1C,S. aureus + E. coli (NOT C. albicans),2,6,0,6,-0.2150,-0.2459,100.00,"e_coli: 3 compounds (0 TP, 3 TN) | Avg Attr: -0.240 | Inactivity: 100.00% || s_aureus: 3 compounds (0 TP, 3 TN) | Avg Attr: -0.190 | Inactivity: 100.00%"
NEGATIVE SUBSTITUENTS,187,46769,C=C/C(=O)C1=CC=CC=C1Cl,S. aureus + E. coli (NOT C. albicans),2,7,1,6,-0.2020,-0.3808,87.50,"e_coli: 3 compounds (0 TP, 3 TN) | Avg Attr: -0.168 | Inactivity: 100.00% || s_aureus: 4 compounds (1 TP, 3 TN) | Avg Attr: -0.236 | Inactivity: 75.00%"
NEGATIVE SUBSTITUENTS,188,41261,CNCC-C-S,S. aureus + E. coli (NOT C. albicans),2,7,1,6,-0.2005,-0.2921,87.50,"e_coli: 4 compounds (1 TP, 3 TN) | Avg Attr: -0.191 | Inactivity: 75.00% || s_aureus: 3 compounds (0 TP, 3 TN) | Avg Attr: -0.210 | Inactivity: 100.00%"
NEGATIVE SUBSTITUENTS,189,168694,O=CN=C(C1=CC=CC=C1)S,S. aureus + E. coli (NOT C. albicans),2,6,0,6,-0.1803,-0.2970,100.00,"e_coli: 3 compounds (0 TP, 3 TN) | Avg Attr: -0.114 | Inactivity: 100.00% || s_aureus: 3 compounds (0 TP, 3 TN) | Avg Attr: -0.246 | Inactivity: 100.00%"
