"rank","fragment_id","fragment_smiles","total_compounds","tp_count","tn_count","fp_count","fn_count","avg_attribution","max_attribution","activity_rate_percent","positive_appearances","total_appearances","positive_consistency_percent","min_attribution_ever","max_attribution_ever","highest_attribution_example","lowest_attribution_example","inactive_positive_attribution_example","active_negative_attribution_example"
1,227255,C[C@@H]1CCC[C@@H]1C,108,105,3,0,0,0.1826,0.3529,97.22,99,108,91.7,-0.059,0.353,HIGHEST ATTR (ACTIVE): CHEMBL434071 | SMILES: CCCCC#CC(=O)C12C[C@@H]3[C@H](C)CC[C@H]3C3(C=O)CC1C=C(C(C)C)[C@@]23C(=O)O | Attribution: 0.353 | Prediction: 0.944 | MW: 410.6 | LogP: 4.67,LOWEST ATTR (INACTIVE): CHEMBL150094 | SMILES: CC(C)C1=CC2CC3(C=O)[C@@H]4CC[C@@H](C)[C@H]4CC2(C(=O)C#CC2=CC=CC=C2)[C@]13C(=O)O | Attribution: -0.059 | Prediction: 0.218 | MW: 430.5 | LogP: 4.53,INACTIVE w/ POS ATTR: CHEMBL151873 | SMILES: CCCCCCCCCCCCCCCCC(O)C12C[C@@H]3[C@H](C)CC[C@H]3C3(C=O)CC1C=C(C(C)C)[C@@]23C(=O)O | Attribution: 0.315 | Prediction: 0.418 | MW: 556.9,
2,227256,CC(C=O)[C@@H]1CC[C@@H](C)[C@H]1C,104,101,3,0,0,0.1995,0.3519,97.12,95,104,91.3,-0.243,0.352,HIGHEST ATTR (ACTIVE): CHEMBL173837 | SMILES: CC[C@@H](C)CO/N=C/C12C[C@@H]3[C@H](C)CC[C@H]3C3(C=O)CC1C=C(C(C)C)[C@@]23C(=O)O | Attribution: 0.352 | Prediction: 0.945 | MW: 415.6 | LogP: 4.96,LOWEST ATTR (INACTIVE): CHEMBL151873 | SMILES: CCCCCCCCCCCCCCCCC(O)C12C[C@@H]3[C@H](C)CC[C@H]3C3(C=O)CC1C=C(C(C)C)[C@@]23C(=O)O | Attribution: -0.243 | Prediction: 0.418 | MW: 556.9 | LogP: 9.14,,
3,227257,CC(C)C1=CCCC(C=O)C1C(=O)O,61,61,0,0,0,0.2119,0.2770,100.00,59,61,96.7,-0.136,0.277,HIGHEST ATTR (ACTIVE): CHEMBL278459 | SMILES: CCCCCCCCCC(=O)O[C@H]1C(O)[C@H](OCC23C[C@@H]4[C@H](C)CC[C@H]4C4(C=O)CC2C=C(C(C)C)C34C(=O)O)O[C@H](C)[C@H]1OC | Attribution: 0.277 | Prediction: 0.979 | MW: 646.9 | LogP: 6.10,LOWEST ATTR (ACTIVE): CHEMBL348249 | SMILES: C=CC1=CC=C(C(=O)OCCC23CC4C(CC[C@H]4C)C4(C=O)CC2C=C(C(C)C)C43C(=O)O)C=C1 | Attribution: -0.136 | Prediction: 0.764 | MW: 476.6 | LogP: 5.80,,ACTIVE w/ NEG ATTR: CHEMBL348249 | SMILES: C=CC1=CC=C(C(=O)OCCC23CC4C(CC[C@H]4C)C4(C=O)CC2C=C(C(C)C)C43C(=O)O)C=C1 | Attribution: -0.136 | Prediction: 0.764 | MW: 476.6
4,227650,CC(C)OC(=O)[C@H](CN1C=CN=C1)NC=O,54,51,3,0,0,0.2162,0.3732,94.44,49,54,90.7,-0.380,0.373,HIGHEST ATTR (ACTIVE): CHEMBL4463421 | SMILES: CC(C)OC(=O)[C@H](CN1C=CN=C1)NC(=O)C1=CC=C(C2=CC=C(C#N)C=C2)C=C1F | Attribution: 0.373 | Prediction: 0.929 | MW: 420.4 | LogP: 3.31,LOWEST ATTR (INACTIVE): CHEMBL4127569 | SMILES: CC(C)OC(=O)[C@H](CN1C=CN=C1)NC(=O)C1=CSC(C2=CC=CC=C2)=N1 | Attribution: -0.380 | Prediction: 0.401 | MW: 384.5 | LogP: 2.76,,ACTIVE w/ NEG ATTR: CHEMBL4126911 | SMILES: CC1=C(C(=O)N[C@@H](CN2C=CN=C2)C(=O)OC(C)C)SC(C2=CC=CC=C2)=N1 | Attribution: -0.094 | Prediction: 0.605 | MW: 398.5
5,227122,CC(C)COC(=O)[C@H](CN1C=CN=C1)NC=O,37,33,4,0,0,0.2490,0.3519,89.19,33,37,89.2,-0.373,0.352,HIGHEST ATTR (ACTIVE): CHEMBL4543200 | SMILES: CC(C)COC(=O)[C@H](CN1C=CN=C1)NC(=O)C1=CC=C(C2=CC=CC=C2)C=C1Cl | Attribution: 0.352 | Prediction: 0.927 | MW: 425.9 | LogP: 4.20,LOWEST ATTR (INACTIVE): CHEMBL4126069 | SMILES: CC1=CC(C(=O)N[C@@H](CN2C=CN=C2)C(=O)OCC(C)C)=NN1C1=CC=CC=C1 | Attribution: -0.373 | Prediction: 0.118 | MW: 395.5 | LogP: 2.38,INACTIVE w/ POS ATTR: CHEMBL4076184 | SMILES: CC1=CC=CC2=C1N=C(C(=O)N[C@@H](CN1C=CN=C1)C(=O)OCC(C)C)S2 | Attribution: 0.093 | Prediction: 0.236 | MW: 386.5,
6,228658,CC[C@](C)([C@H](C)C(C)C)CC(=O)O,31,31,0,0,0,0.3402,0.3808,100.00,31,31,100.0,0.110,0.381,HIGHEST ATTR (ACTIVE): CHEMBL3740212 | SMILES: CC(=O)O[C@@H]1C[C@@]23COC[C@](C)([C@@H]2CC[C@H]2C3=CC[C@@]3(C)[C@H](C(=O)O)[C@@](C)([C@H](C)C(C)C)CC[C@]23C)[C@H]1O[C@@H]1O[C@H](CO)[C@@H](O)[C@H](O)[C@H]1O | Attribution: 0.381 | Prediction: 0.976 | MW: 692.9 | LogP: 3.69,LOWEST ATTR (ACTIVE): CHEMBL3741985 | SMILES: CC(=O)O[C@@H]1C[C@@]23COC[C@](C)([C@@H]2CC[C@H]2C3=CC[C@@]3(C)[C@H](C(=O)O)[C@@](C)([C@H](C)C(C)C)CC[C@]23C)[C@H]1OC[C@@](C)(N)C(C)C | Attribution: 0.110 | Prediction: 0.996 | MW: 629.9 | LogP: 7.27,,
7,227287,CC1CCC[C@H]1C,29,29,0,0,0,0.2829,0.3574,100.00,29,29,100.0,0.151,0.357,HIGHEST ATTR (ACTIVE): CHEMBL148474 | SMILES: CC(C)C1=CC2CC3(C=O)C4CC[C@@H](C)C4CC2(CCOC(=O)C2=CC=C(C#N)C=C2)C13C(=O)O | Attribution: 0.357 | Prediction: 0.638 | MW: 475.6 | LogP: 5.03,LOWEST ATTR (ACTIVE): CHEMBL358523 | SMILES: CC(C)C1=CC2CC3(C=O)C4CC[C@@H](C)C4CC2(CCOC(=O)C2CCCCC2)C13C(=O)O | Attribution: 0.151 | Prediction: 0.724 | MW: 456.6 | LogP: 5.42,,
8,227285,CC(C=O)C1CC[C@@H](C)C1C,29,29,0,0,0,0.2662,0.3808,100.00,27,29,93.1,0.054,0.381,HIGHEST ATTR (ACTIVE): CHEMBL358830 | SMILES: CC(C)C1=CC2CC3(C=O)C4CC[C@@H](C)C4CC2(CCOC(=O)[C@H](C)NC(=O)OC(C)(C)C)C13C(=O)O | Attribution: 0.381 | Prediction: 0.799 | MW: 517.7 | LogP: 4.76,LOWEST ATTR (ACTIVE): CHEMBL358523 | SMILES: CC(C)C1=CC2CC3(C=O)C4CC[C@@H](C)C4CC2(CCOC(=O)C2CCCCC2)C13C(=O)O | Attribution: 0.054 | Prediction: 0.724 | MW: 456.6 | LogP: 5.42,,
9,227374,CCOC(=O)C-C(N)-O,28,28,0,0,0,0.2045,0.3051,100.00,28,28,100.0,0.124,0.305,HIGHEST ATTR (ACTIVE): CHEMBL1935229 | SMILES: CCOC(=O)C1=C(N)OC2=C1C(SC)=C(O)C1=NC=NC=C12 | Attribution: 0.305 | Prediction: 0.935 | MW: 319.3 | LogP: 2.56,LOWEST ATTR (ACTIVE): CHEMBL1668951 | SMILES: CCOC(=O)C1=C(N)OC2=C1C(SC1=CC=C(F)C(F)=C1)=C(O)C1=NC=CC=C12 | Attribution: 0.124 | Prediction: 0.982 | MW: 416.4 | LogP: 4.87,,
10,227462,CC(C)C1=CC2CC3(C=O)[C@@H]4CC[C@@H](C)[C@H]4CC2(CO)C13C(=O)O,27,27,0,0,0,0.1074,0.1759,100.00,16,27,59.3,0.017,0.176,HIGHEST ATTR (ACTIVE): CHEMBL278459 | SMILES: CCCCCCCCCC(=O)O[C@H]1C(O)[C@H](OCC23C[C@@H]4[C@H](C)CC[C@H]4C4(C=O)CC2C=C(C(C)C)C34C(=O)O)O[C@H](C)[C@H]1OC | Attribution: 0.176 | Prediction: 0.979 | MW: 646.9 | LogP: 6.10,LOWEST ATTR (ACTIVE): CHEMBL354710 | SMILES: CC(C)C1=CC2CC3(C=O)[C@@H]4CC[C@@H](C)[C@H]4CC2(COC2CCCCC2)C13C(=O)O | Attribution: 0.017 | Prediction: 0.938 | MW: 414.6 | LogP: 5.26,,
11,227895,CCC(O)(CN1C=NC=N1)C1=CC=C(F)C=C1F,26,26,0,0,0,0.1443,0.1624,100.00,26,26,100.0,0.125,0.162,HIGHEST ATTR (ACTIVE): CHEMBL4436544 | SMILES: COC1=CC=CC=C1N1CCN(CCC2=NN=NN2C(C)C(O)(CN2C=NC=N2)C2=CC=C(F)C=C2F)CC1 | Attribution: 0.162 | Prediction: 0.988 | MW: 539.6 | LogP: 2.07,LOWEST ATTR (ACTIVE): CHEMBL2170273 | SMILES: CCCCOC1=CC=CC=C1N1CCN(CCC2=NN(C(C)C(O)(CN3C=NC=N3)C3=CC=C(F)C=C3F)N=N2)CC1 | Attribution: 0.125 | Prediction: 0.988 | MW: 581.7 | LogP: 3.24,,
12,227804,ClC1=CC=C(CN2C=CN=C2)C(Cl)=C1,26,26,0,0,0,0.1419,0.2594,100.00,16,26,61.5,-0.054,0.259,HIGHEST ATTR (ACTIVE): CHEMBL328653 | SMILES: CCN1C=C(C2=CC=C(Cl)C=C2)C(C(C2=CC=C(Cl)C=C2Cl)N2C=CN=C2)=C1 | Attribution: 0.259 | Prediction: 0.968 | MW: 430.8 | LogP: 6.97,LOWEST ATTR (ACTIVE): CHEMBL134980 | SMILES: ClC1=CC=C(C(C2=CNC=C2C2=CC=C(Cl)C(Cl)=C2)N2C=CN=C2)C(Cl)=C1 | Attribution: -0.054 | Prediction: 0.887 | MW: 437.2 | LogP: 7.13,,ACTIVE w/ NEG ATTR: CHEMBL134980 | SMILES: ClC1=CC=C(C(C2=CNC=C2C2=CC=C(Cl)C(Cl)=C2)N2C=CN=C2)C(Cl)=C1 | Attribution: -0.054 | Prediction: 0.887 | MW: 437.2
13,230137,CC=C(C)C(O)CCCCCCCCCCCCCC,25,25,0,0,0,0.3505,0.3808,100.00,25,25,100.0,0.322,0.381,HIGHEST ATTR (ACTIVE): CHEMBL4876905 | SMILES: C=CC[N+]1=C2C(C)=C(C)C(O)(CCCCCCCCCCCCCC)N2CCC1 | Attribution: 0.381 | Prediction: 0.996 | MW: 403.7 | LogP: 6.42,LOWEST ATTR (ACTIVE): CHEMBL4851721 | SMILES: CCCCCCCCCCCCCCC1(O)C(C)=C(C)C2=[N+](CC3=CC=C(Br)C=C3)CCCN21 | Attribution: 0.322 | Prediction: 0.993 | MW: 532.6 | LogP: 8.20,,
14,227472,O=CNC(CN1C=CN=C1)C(=O)C1=CC=CC=C1,26,25,1,0,0,0.2724,0.3675,96.15,24,26,92.3,-0.220,0.368,HIGHEST ATTR (ACTIVE): CHEMBL4580237 | SMILES: O=C(NC(CN1C=CN=C1)C(=O)C1=CC=CC=C1)C1=CC=C(C2=CC=CC=C2)C(F)=C1 | Attribution: 0.368 | Prediction: 0.852 | MW: 413.5 | LogP: 4.37,LOWEST ATTR (INACTIVE): CHEMBL5413616 | SMILES: O=C(NC(CN1C=CN=C1)C(=O)C1=CC=CC=C1)C1=CSC(C2=CC=CC=C2)=N1 | Attribution: -0.220 | Prediction: 0.220 | MW: 402.5 | LogP: 3.69,,
15,227103,CC(=C(C)C=O)C=O,22,22,0,0,0,0.3690,0.3808,100.00,22,22,100.0,0.309,0.381,HIGHEST ATTR (ACTIVE): CHEMBL1935247 | SMILES: CC(=O)C1=C2C=C(C)C=CN2C2=C1C(=O)C(C)=C(C)C2=O | Attribution: 0.381 | Prediction: 0.901 | MW: 281.3 | LogP: 3.17,LOWEST ATTR (ACTIVE): CHEMBL389154 | SMILES: COC(=O)C1=CN(C2=CC=C(C(C)C)C=C2)C2=C1C(=O)C(C)=C(C)C2=O | Attribution: 0.309 | Prediction: 0.608 | MW: 351.4 | LogP: 4.10,,
16,227337,CN1CCC(=NN)CC1,18,18,0,0,0,0.3549,0.3808,100.00,18,18,100.0,0.250,0.381,HIGHEST ATTR (ACTIVE): CHEMBL4128936 | SMILES: CC1=C(/N=N/C2=CC=C(Cl)C=C2)SC(NN=C2CCN(C)CC2)=N1 | Attribution: 0.381 | Prediction: 0.982 | MW: 362.9 | LogP: 5.01,LOWEST ATTR (ACTIVE): CHEMBL4126736 | SMILES: CC1=C(/N=N/C2=CC=C(Cl)C=C2Cl)SC(NN=C2CCN(C)CC2)=N1 | Attribution: 0.250 | Prediction: 0.980 | MW: 397.3 | LogP: 5.67,,
17,229210,CC(-N)-[Se],18,18,0,0,0,0.1749,0.2059,100.00,18,18,100.0,0.147,0.206,HIGHEST ATTR (ACTIVE): CHEMBL3706794 | SMILES: CC1=NC2=C([Se]1)C(=O)C=C(NC1=CC=C(C(F)(F)F)C=C1)C2=O | Attribution: 0.206 | Prediction: 0.981 | MW: 385.2 | LogP: 2.84,LOWEST ATTR (ACTIVE): CHEMBL361335 | SMILES: COC1=C(SC2=CC=C(Cl)C=C2)C(=O)C2=C(N=C(C)[Se]2)C1=O | Attribution: 0.147 | Prediction: 0.989 | MW: 398.7 | LogP: 3.13,,
18,230613,CCC(-N)-O,17,17,0,0,0,0.3607,0.3808,100.00,16,17,94.1,0.088,0.381,HIGHEST ATTR (ACTIVE): CHEMBL590225 | SMILES: CCC1=NC2=C(O1)C(=O)C(NC1=CC=CC(F)=C1)=C(Br)C2=O | Attribution: 0.381 | Prediction: 0.991 | MW: 365.2 | LogP: 3.47,LOWEST ATTR (ACTIVE): CHEMBL568562 | SMILES: CCC1=NC2=C(O1)C(=O)C(SC1=CC=C(CC)C(CC)=C1)=C(SC1=CC=C(CC)C(CC)=C1)C2=O | Attribution: 0.088 | Prediction: 0.752 | MW: 505.7 | LogP: 7.66,,
19,227659,O=C(CC1=CC=CC=C1)NCC1=CC=C2C=CC=NC2=C1O,16,16,0,0,0,0.1096,0.1526,100.00,14,16,87.5,0.094,0.153,HIGHEST ATTR (ACTIVE): CHEMBL5419144 | SMILES: CSC1=CC=C(C(NC(=O)CC2=CC=CC=C2)C2=CC=C3C=CC=NC3=C2O)C=C1 | Attribution: 0.153 | Prediction: 0.984 | MW: 414.5 | LogP: 5.11,LOWEST ATTR (ACTIVE): CHEMBL5426297 | SMILES: CS(=O)(=O)C1=CC=C(C(NC(=O)CC2=CC=CC=C2)C2=CC=C3C=CC=NC3=C2O)C=C1 | Attribution: 0.094 | Prediction: 0.969 | MW: 446.5 | LogP: 3.79,,
20,228657,CC(C)[C@@](C)(N)COC,15,15,0,0,0,0.3805,0.3808,100.00,15,15,100.0,0.378,0.381,HIGHEST ATTR (ACTIVE): CHEMBL4791088 | SMILES: CCC1=NC=NN1[C@@H]1C[C@@]23COC[C@](C)([C@@H]2CC[C@H]2C3=CC[C@@]3(C)[C@H](C(=O)O)[C@@](C)([C@H](C)C(C)C)CC[C@]23C)[C@H]1OC[C@](C)(N)C(C)C | Attribution: 0.381 | Prediction: 0.998 | MW: 667.0 | LogP: 7.73,LOWEST ATTR (ACTIVE): CHEMBL3740011 | SMILES: CC(C)[C@@H](C)[C@@]1(C)CC[C@]2(C)[C@H]3CC[C@@H]4[C@@]5(COC[C@@]4(C)[C@@H](OC[C@](C)(N)C(C)C)[C@H](N4N=NC(N)=N4)C5)C3=CC[C@@]2(C)[C@@H]1C(=O)O | Attribution: 0.378 | Prediction: 0.998 | MW: 654.9 | LogP: 6.14,,
21,228656,CC(C)[C@@](C)(N)CO,15,15,0,0,0,0.3757,0.3808,100.00,15,15,100.0,0.369,0.381,HIGHEST ATTR (ACTIVE): CHEMBL4783343 | SMILES: CC(C)[C@@H](C)[C@@]1(C)CC[C@]2(C)[C@H]3CC[C@@H]4[C@@]5(COC[C@]4(C)[C@@H](OC[C@](C)(N)C(C)C)[C@H](N4N=CN=C4N)C5)C3=CC[C@@]2(C)[C@@H]1C(=O)O | Attribution: 0.381 | Prediction: 0.999 | MW: 654.0 | LogP: 6.75,LOWEST ATTR (ACTIVE): CHEMBL4787464 | SMILES: CCSC1=NC=NN1[C@@H]1C[C@@]23COC[C@@](C)([C@@H]2CC[C@H]2C3=CC[C@@]3(C)[C@H](C(=O)O)[C@@](C)([C@H](C)C(C)C)CC[C@]23C)[C@H]1OC[C@](C)(N)C(C)C | Attribution: 0.369 | Prediction: 0.998 | MW: 699.1 | LogP: 8.28,,
22,201491,CC(C)C(N)=O,15,15,0,0,0,0.3656,0.3722,100.00,15,15,100.0,0.357,0.372,HIGHEST ATTR (ACTIVE): CHEMBL590643 | SMILES: CCN(CC)C1=CC=C(C(NC(=O)C(C)C)C2=CC=C3C=CC=NC3=C2O)C=C1 | Attribution: 0.372 | Prediction: 0.973 | MW: 391.5 | LogP: 4.65,LOWEST ATTR (ACTIVE): CHEMBL3112882 | SMILES: CC(C)C(=O)NC(C1=CC=CC=C1Cl)C1=CC=C2C=CC=NC2=C1O | Attribution: 0.357 | Prediction: 0.975 | MW: 354.8 | LogP: 4.46,,
23,231492,C-C-C(C1=NC2=CC(C(=N)N)=CC=C2N1)-C,15,15,0,0,0,0.1315,0.1710,100.00,12,15,80.0,0.077,0.171,HIGHEST ATTR (ACTIVE): CHEMBL488781 | SMILES: N=C(N)C1=CC=C2NC(C3=CC=C4N=C(C5=CC=C(OC6=CC=C(Cl)C=C6)C=C5)NC4=C3)=NC2=C1 | Attribution: 0.171 | Prediction: 0.926 | MW: 478.9 | LogP: 6.50,LOWEST ATTR (ACTIVE): CHEMBL260757 | SMILES: N=C(N)C1=CC=C2NC(C3=CC=C4N=C(C5=CC=CC=C5F)NC4=C3)=NC2=C1 | Attribution: 0.077 | Prediction: 0.859 | MW: 370.4 | LogP: 4.20,,
24,227250,C=C(C)Cl,15,15,0,0,0,0.1154,0.3610,100.00,4,15,26.7,0.047,0.361,HIGHEST ATTR (ACTIVE): CHEMBL287194 | SMILES: C=C(Cl)CN1C[C@H](OCC23C[C@@H]4[C@H](C)CC[C@H]4C4(C=O)CC2C=C(C(C)C)[C@@]34C(=O)O)O[C@@H]2CCC[C@H]21 | Attribution: 0.361 | Prediction: 0.989 | MW: 532.1 | LogP: 5.26,LOWEST ATTR (ACTIVE): CHEMBL443855 | SMILES: C=C(Cl)CN1C[C@@H](C)O[C@@H](OCC23C[C@@H]4[C@H](C)CC[C@H]4C4(C=O)CC2C=C(C(C)C)[C@@]34C(=O)O)[C@@H](OC(C)=O)C1 | Attribution: 0.047 | Prediction: 0.976 | MW: 578.1 | LogP: 4.66,,
25,230169,N[C@H](CC1=CNC=N1)C[N+](=O)[O-],14,14,0,0,0,0.1479,0.1772,100.00,14,14,100.0,0.110,0.177,HIGHEST ATTR (ACTIVE): CHEMBL4562027 | SMILES: O=C1NC2=CC=CC=C2[C@@]12N[C@H](CC1=CNC=N1)[C@@H]([N+](=O)[O-])[C@@H]2C1=CC=C(Cl)C=C1 | Attribution: 0.177 | Prediction: 0.975 | MW: 423.9 | LogP: 2.85,LOWEST ATTR (ACTIVE): CHEMBL4462431 | SMILES: O=C1NC2=CC=C(OC(F)(F)F)C=C2[C@@]12N[C@H](CC1=CNC=N1)[C@@H]([N+](=O)[O-])[C@@H]2C1=CC=CC([N+](=O)[O-])=C1 | Attribution: 0.110 | Prediction: 0.970 | MW: 518.4 | LogP: 3.01,,
26,229066,CC[C@H](C)[C@@H](CN1C=CN=C1)NC=O,13,13,0,0,0,0.3554,0.3808,100.00,13,13,100.0,0.307,0.381,HIGHEST ATTR (ACTIVE): CHEMBL4454793 | SMILES: CC[C@H](C)[C@@H](CN1C=CN=C1)NC(=O)C1=CC=C(C2=CC=CC=C2)C=C1 | Attribution: 0.381 | Prediction: 0.920 | MW: 347.5 | LogP: 4.39,LOWEST ATTR (ACTIVE): CHEMBL4560950 | SMILES: CC[C@H](C)[C@@H](CN1C=CN=C1)NC(=O)C1=CC=C(C2=CC=CC(F)=C2)C=C1 | Attribution: 0.307 | Prediction: 0.954 | MW: 365.5 | LogP: 4.53,,
27,234344,O=CC1=CN=CN=C1C=O,13,13,0,0,0,0.1335,0.2001,100.00,11,13,84.6,0.053,0.200,HIGHEST ATTR (ACTIVE): CHEMBL1935243 | SMILES: O=C1C(SC2=CC=C(O)C=C2)=C(SC2=CC=C(O)C=C2)C(=O)C2=NC=NC=C12 | Attribution: 0.200 | Prediction: 0.931 | MW: 408.5 | LogP: 4.06,LOWEST ATTR (ACTIVE): CHEMBL1935236 | SMILES: CC1=CC=C(SC2=C(SC3=CC=C(C)C(C)=C3)C(=O)C3=NC=NC=C3C2=O)C=C1C | Attribution: 0.053 | Prediction: 0.865 | MW: 432.6 | LogP: 5.89,,
28,227949,COC[C@@H](C)O,12,12,0,0,0,0.3647,0.3752,100.00,12,12,100.0,0.322,0.375,HIGHEST ATTR (ACTIVE): CHEMBL279314 | SMILES: CO[C@@H]1[C@@H](C)O[C@@H](OCC23C[C@@H]4[C@H](C)CC[C@H]4C4(C=O)CC2C=C(C(C)C)C34C(=O)O)C(O)[C@@H]1OC(=O)C1=CC=CC=C1 | Attribution: 0.375 | Prediction: 0.965 | MW: 596.7 | LogP: 4.27,LOWEST ATTR (ACTIVE): CHEMBL1234422 | SMILES: CO[C@@H]1[C@@H](C)O[C@@H](OC[C@@]23C[C@@H]4[C@H](C)CC[C@H]4[C@@]4(C=O)C[C@@H]2C=C(C(C)C)[C@@]34C(=O)O)[C@@H](O)[C@@]12OC(=O)[C@H](CCCCCCCC(=O)O)O2 | Attribution: 0.322 | Prediction: 0.986 | MW: 690.8 | LogP: 4.50,,
29,229423,N-C-NCC(=O)C1=NC=CS1,12,12,0,0,0,0.2006,0.2895,100.00,12,12,100.0,0.132,0.290,HIGHEST ATTR (ACTIVE): CHEMBL4849079 | SMILES: CCCCCCCCCCCCN1CCN(C2=NC=NC3=C2N=CN3CC(=O)C2=NC=CS2)CC1 | Attribution: 0.290 | Prediction: 0.918 | MW: 497.7 | LogP: 5.21,LOWEST ATTR (ACTIVE): CHEMBL4863998 | SMILES: N#CCN(CC#N)C(=O)CN1CCN(C2=NC=NC3=C2N=CN3CC(=O)C2=NC=CS2)CC1 | Attribution: 0.132 | Prediction: 0.879 | MW: 464.5 | LogP: 0.16,,
30,227649,CC(C)OC(=O)[C@H](CN1C=CN=C1)NC(=O)C1=CC=CC=C1,11,11,0,0,0,0.1099,0.1807,100.00,7,11,63.6,0.017,0.181,HIGHEST ATTR (ACTIVE): CHEMBL3968907 | SMILES: CC(C)OC(=O)[C@H](CN1C=CN=C1)NC(=O)C1=CC=C(C2=CC(F)=CC=C2F)C=C1 | Attribution: 0.181 | Prediction: 0.968 | MW: 413.4 | LogP: 3.58,LOWEST ATTR (ACTIVE): CHEMBL3938594 | SMILES: CC1=CC=CC=C1C1=CC=C(C(=O)N[C@@H](CN2C=CN=C2)C(=O)OC(C)C)C=C1 | Attribution: 0.017 | Prediction: 0.891 | MW: 391.5 | LogP: 3.61,,
31,228793,CO[C@@H](C)[C@@H](C)O,10,10,0,0,0,0.3490,0.3643,100.00,10,10,100.0,0.330,0.364,HIGHEST ATTR (ACTIVE): CHEMBL432303 | SMILES: CO[C@H]1CN(CC2=CC=C(C(F)(F)F)C=C2)C[C@H](OCC23C[C@@H]4[C@H](C)CC[C@H]4C4(C=O)CC2C=C(C(C)C)C34C(=O)O)O[C@@H]1C | Attribution: 0.364 | Prediction: 0.989 | MW: 633.7 | LogP: 6.21,LOWEST ATTR (ACTIVE): CHEMBL432865 | SMILES: CO[C@H]1CN(CC2=CC=C(Cl)C=C2)C[C@H](OCC23C[C@@H]4[C@H](C)CC[C@H]4C4(C=O)CC2C=C(C(C)C)C34C(=O)O)O[C@@H]1C | Attribution: 0.330 | Prediction: 0.987 | MW: 600.2 | LogP: 5.84,,
32,227486,N-C(COC1=CC=CC=C1)-O,9,9,0,0,0,0.2776,0.3055,100.00,9,9,100.0,0.262,0.306,HIGHEST ATTR (ACTIVE): CHEMBL394403 | SMILES: COC(=O)C1=CC=C2OC(COC3=CC=CC=C3)=NC2=C1 | Attribution: 0.306 | Prediction: 0.978 | MW: 283.3 | LogP: 3.19,LOWEST ATTR (ACTIVE): CHEMBL231873 | SMILES: ClC1=CC=C2OC(COC3=CC=CC=C3)=NC2=C1 | Attribution: 0.262 | Prediction: 0.992 | MW: 259.7 | LogP: 4.06,,
33,229404,N-C(COC1=CC=C(Cl)C=C1)-O,9,9,0,0,0,0.2475,0.2799,100.00,9,9,100.0,0.229,0.280,HIGHEST ATTR (ACTIVE): CHEMBL233498 | SMILES: O=[N+]([O-])C1=CC2=C(C=C1Cl)N=C(COC1=CC=C(Cl)C=C1)O2 | Attribution: 0.280 | Prediction: 0.991 | MW: 339.1 | LogP: 4.62,LOWEST ATTR (ACTIVE): CHEMBL233500 | SMILES: ClC1=CC=C(OCC2=NC3=CC(Cl)=CC=C3O2)C=C1 | Attribution: 0.229 | Prediction: 0.992 | MW: 294.1 | LogP: 4.71,,
34,228592,FC1=CC=C(C2(CN3C=CN=C3)COC=N2)C=C1,9,9,0,0,0,0.2231,0.2726,100.00,9,9,100.0,0.188,0.273,HIGHEST ATTR (ACTIVE): CHEMBL5208329 | SMILES: FC1=CC=C(C2(CN3C=CN=C3)COC(C3=CC=C(C4=CC=CC=C4)S3)=N2)C=C1 | Attribution: 0.273 | Prediction: 0.715 | MW: 403.5 | LogP: 5.12,LOWEST ATTR (ACTIVE): CHEMBL5169953 | SMILES: N#CC1=CC=CC(C2=CC=C(C3=NC(CN4C=CN=C4)(C4=CC=C(F)C=C4)CO3)S2)=C1 | Attribution: 0.188 | Prediction: 0.705 | MW: 428.5 | LogP: 4.99,,
35,227378,COC(=O)C-C(N)-O,9,9,0,0,0,0.2114,0.2698,100.00,9,9,100.0,0.120,0.270,HIGHEST ATTR (ACTIVE): CHEMBL1269122 | SMILES: COC(=O)C1=C(N)OC2=CC(C)=C(O)C=C12 | Attribution: 0.270 | Prediction: 0.946 | MW: 221.2 | LogP: 1.82,LOWEST ATTR (ACTIVE): CHEMBL1270294 | SMILES: COC(=O)C1=C(N)OC2=C(C)C(C)=C(O)C(SC3=CC=C(C)C(C)=C3)=C12 | Attribution: 0.120 | Prediction: 0.774 | MW: 371.5 | LogP: 4.89,,
36,227483,CS(=O)(=O)N1CCCCC1,9,9,0,0,0,0.2047,0.2893,100.00,9,9,100.0,0.135,0.289,HIGHEST ATTR (ACTIVE): CHEMBL522220 | SMILES: CS(=O)(=O)N1CCC(N2C=C(C3=NOC(=O)N3)N=N2)CC1 | Attribution: 0.289 | Prediction: 0.982 | MW: 314.3 | LogP: -0.78,LOWEST ATTR (ACTIVE): CHEMBL1643530 | SMILES: CS(=O)(=O)N1CCC(N2C=C(C3=NN=C(C4=CC=CC(Cl)=C4)O3)N=N2)CC1 | Attribution: 0.135 | Prediction: 0.989 | MW: 408.9 | LogP: 2.25,,
37,233367,O=C(NC(CN1C=CN=C1)C(=O)C1=CC=CC=C1)C1=CC=CS1,9,9,0,0,0,0.1743,0.2038,100.00,9,9,100.0,0.122,0.204,HIGHEST ATTR (ACTIVE): CHEMBL4850623 | SMILES: O=C(NC(CN1C=CN=C1)C(=O)C1=CC=CC=C1)C1=CC=C(C2=CC=CC(F)=C2)S1 | Attribution: 0.204 | Prediction: 0.901 | MW: 419.5 | LogP: 4.43,LOWEST ATTR (ACTIVE): CHEMBL4872390 | SMILES: O=C(NC(CN1C=CN=C1)C(=O)C1=CC=CC=C1)C1=CC=C(C2=CC=CC=C2)S1 | Attribution: 0.122 | Prediction: 0.768 | MW: 401.5 | LogP: 4.29,,
38,230071,CCOC(=O)NN,8,8,0,0,0,0.3740,0.3808,100.00,8,8,100.0,0.355,0.381,HIGHEST ATTR (ACTIVE): CHEMBL472777 | SMILES: CCOC(=O)NNC1=C(C(=O)OCC)C=C(C2=CC=C(Cl)C=C2)N1 | Attribution: 0.381 | Prediction: 0.931 | MW: 351.8 | LogP: 3.58,LOWEST ATTR (ACTIVE): CHEMBL474649 | SMILES: CCOC(=O)NNC1=C(C#N)C=C(C2=CC=C(OC)C=C2)N1 | Attribution: 0.355 | Prediction: 0.967 | MW: 300.3 | LogP: 2.63,,
39,231053,C/C(CCC(=O)O)=N\N,8,8,0,0,0,0.3588,0.3808,100.00,8,8,100.0,0.293,0.381,HIGHEST ATTR (ACTIVE): CHEMBL5396375 | SMILES: CCOC(=O)CC1=CSC(N/N=C(\C)CCC(=O)O)=N1 | Attribution: 0.381 | Prediction: 0.960 | MW: 299.4 | LogP: 1.90,LOWEST ATTR (ACTIVE): CHEMBL5413824 | SMILES: C/C(CCC(=O)O)=N\NC1=NC(C2=CC=C(C#N)C=C2)=CS1 | Attribution: 0.293 | Prediction: 0.958 | MW: 314.4 | LogP: 3.33,,
40,228131,CCCCCCCCCCCCNC(C)CC,8,8,0,0,0,0.2575,0.3294,100.00,8,8,100.0,0.165,0.329,HIGHEST ATTR (ACTIVE): CHEMBL537437 | SMILES: CCCCCCCCCCCCNC1CCC2=CC(O)=CC=C2C1 | Attribution: 0.329 | Prediction: 0.935 | MW: 331.5 | LogP: 5.76,LOWEST ATTR (ACTIVE): CHEMBL537213 | SMILES: CCCCCCCCCCCCNC1CCC2=C(C=CC=C2OC)C1 | Attribution: 0.165 | Prediction: 0.863 | MW: 345.6 | LogP: 6.06,,
41,229698,CCCCCCCCCCNC(C)CC,8,8,0,0,0,0.2398,0.3270,100.00,8,8,100.0,0.171,0.327,HIGHEST ATTR (ACTIVE): CHEMBL536985 | SMILES: CCCCCCCCCCNC1CCC2=CC(O)=CC=C2C1 | Attribution: 0.327 | Prediction: 0.949 | MW: 303.5 | LogP: 4.98,LOWEST ATTR (ACTIVE): CHEMBL538338 | SMILES: CCCCCCCCCCNC1CCC2=CC=CC(OC)=C2C1 | Attribution: 0.171 | Prediction: 0.901 | MW: 317.5 | LogP: 5.28,,
42,228604,CCCCCCCCCNC(C)CC,8,8,0,0,0,0.2201,0.3155,100.00,8,8,100.0,0.138,0.315,HIGHEST ATTR (ACTIVE): CHEMBL536756 | SMILES: CCCCCCCCCNC1CCC2=CC(O)=CC=C2C1 | Attribution: 0.315 | Prediction: 0.950 | MW: 289.5 | LogP: 4.59,LOWEST ATTR (ACTIVE): CHEMBL536526 | SMILES: CCCCCCCCCNC1CCC2=CC=CC(OC)=C2C1 | Attribution: 0.138 | Prediction: 0.887 | MW: 303.5 | LogP: 4.89,,
43,233611,CN1CCC2=C(C=CS2)C1,8,8,0,0,0,0.2155,0.2575,100.00,8,8,100.0,0.157,0.257,HIGHEST ATTR (ACTIVE): CHEMBL2402568 | SMILES: O=C(C1=CC=C(Cl)C=C1)N1CCC(N2C=C(CN3CCC4=C(C=CS4)C3)N=N2)CC1 | Attribution: 0.257 | Prediction: 0.751 | MW: 442.0 | LogP: 4.03,LOWEST ATTR (ACTIVE): CHEMBL2402571 | SMILES: C1=CC=C(CN2CCC(N3C=C(CN4CCC5=C(C=CS5)C4)N=N3)CC2)C=C1 | Attribution: 0.157 | Prediction: 0.867 | MW: 393.6 | LogP: 3.74,,
44,227229,CCCCCCCCNC(C)CC,8,8,0,0,0,0.2045,0.2934,100.00,7,8,87.5,0.094,0.293,HIGHEST ATTR (ACTIVE): CHEMBL536078 | SMILES: CCCCCCCCNC1CCC2=CC(O)=CC=C2C1 | Attribution: 0.293 | Prediction: 0.944 | MW: 275.4 | LogP: 4.20,LOWEST ATTR (ACTIVE): CHEMBL534956 | SMILES: CCCCCCCCNC1CCC2=CC=CC(OC)=C2C1 | Attribution: 0.094 | Prediction: 0.823 | MW: 289.5 | LogP: 4.50,,
45,228716,NC(=O)C1=CC=C(C2=CC=C(Cl)C=C2)S1,8,8,0,0,0,0.1964,0.2530,100.00,8,8,100.0,0.133,0.253,HIGHEST ATTR (ACTIVE): CHEMBL4857039 | SMILES: O=C(NC(CN1C=CN=C1)C(=O)C1=CC=CC(Cl)=C1)C1=CC=C(C2=CC=C(Cl)C=C2)S1 | Attribution: 0.253 | Prediction: 0.901 | MW: 470.4 | LogP: 5.60,LOWEST ATTR (ACTIVE): CHEMBL4875173 | SMILES: O=C(NC(CN1C=CN=C1)C(=O)C1=CC=C(OC(F)(F)F)C=C1)C1=CC=C(C2=CC=C(Cl)C=C2)S1 | Attribution: 0.133 | Prediction: 0.904 | MW: 519.9 | LogP: 5.85,,
46,233124,CCCC(N)C(=O)NCC,8,8,0,0,0,0.1620,0.2732,100.00,5,8,62.5,0.051,0.273,HIGHEST ATTR (ACTIVE): CHEMBL5094299 | SMILES: CCCC(N)C(=O)NCCC1=CC=C(C2=CC=C(C(F)(F)F)C=C2)C=C1 | Attribution: 0.273 | Prediction: 0.981 | MW: 364.4 | LogP: 4.16,LOWEST ATTR (ACTIVE): CHEMBL5081246 | SMILES: CCCC(N)C(=O)NCCC1=CC=C(OC2=CC=C(Cl)C(Cl)=C2)C=C1 | Attribution: 0.051 | Prediction: 0.962 | MW: 381.3 | LogP: 4.57,,
47,232769,ClC1=CC=C(C2=CNC=C2CN2C=CN=C2)C=C1,8,8,0,0,0,0.1142,0.2015,100.00,5,8,62.5,0.056,0.202,HIGHEST ATTR (ACTIVE): CHEMBL315874 | SMILES: ClC1=CC=C(C2=CNC=C2C(C2=CC=C(Cl)C=C2Cl)N2C=CN=C2)C=C1 | Attribution: 0.202 | Prediction: 0.878 | MW: 402.7 | LogP: 6.48,LOWEST ATTR (ACTIVE): CHEMBL414435 | SMILES: ClC1=CC=C(C2=CNC=C2C(C2=CC=C(Cl)C=C2)N2C=CN=C2)C=C1 | Attribution: 0.056 | Prediction: 0.710 | MW: 368.3 | LogP: 5.82,,
48,228738,COC(C1=CC=C(C2=CSC=C2)C=C1)=N,11,7,4,0,0,0.3702,0.3808,63.64,11,11,100.0,0.330,0.381,HIGHEST ATTR (ACTIVE): CHEMBL5194271 | SMILES: FC(F)(F)C1=CC=CC=C1CC1(CN2C=CN=C2)COC(C2=CC=C(C3=CSC=C3)C=C2)=N1 | Attribution: 0.381 | Prediction: 0.603 | MW: 467.5 | LogP: 6.09,LOWEST ATTR (INACTIVE): CHEMBL5203903 | SMILES: ClC1=CC=CC(CC2(CN3C=CN=C3)COC(C3=CC=C(C4=CSC=C4)C=C3)=N2)=C1 | Attribution: 0.330 | Prediction: 0.222 | MW: 434.0 | LogP: 5.72,INACTIVE w/ POS ATTR: CHEMBL5198947 | SMILES: CC1=CC=C(CC2(CN3C=CN=C3)COC(C3=CC=C(C4=CSC=C4)C=C3)=N2)C=C1 | Attribution: 0.381 | Prediction: 0.217 | MW: 413.5,
49,230606,COC1=CC=C(NC(-N)-N(C2=CC=C(OC)C=C2)-C=O)C=C1,7,7,0,0,0,0.3516,0.3808,100.00,7,7,100.0,0.291,0.381,HIGHEST ATTR (ACTIVE): CHEMBL2238554 | SMILES: CCN1C(=S)SC2=C1N=C(NC1=CC=C(OC)C=C1)N(C1=CC=C(OC)C=C1)C2=O | Attribution: 0.381 | Prediction: 0.905 | MW: 440.6 | LogP: 4.76,LOWEST ATTR (ACTIVE): CHEMBL2234434 | SMILES: COC1=CC=C(NC2=NC3=C(SC(=S)N3C3=CC=C(F)C(Cl)=C3)C(=O)N2C2=CC=C(OC)C=C2)C=C1 | Attribution: 0.291 | Prediction: 0.980 | MW: 541.0 | LogP: 6.52,,
50,228208,COC(C1=CC=C(C2=CC=CC=C2)S1)=N,7,7,0,0,0,0.3397,0.3808,100.00,7,7,100.0,0.300,0.381,HIGHEST ATTR (ACTIVE): CHEMBL5199109 | SMILES: FC1=CC=CC=C1C1(CN2C=CN=C2)COC(C2=CC=C(C3=CC=CC=C3)S2)=N1 | Attribution: 0.381 | Prediction: 0.846 | MW: 403.5 | LogP: 5.12,LOWEST ATTR (ACTIVE): CHEMBL5209270 | SMILES: CC1=CC=CC(C2(CN3C=CN=C3)COC(C3=CC=C(C4=CC=CC=C4)S3)=N2)=C1 | Attribution: 0.300 | Prediction: 0.663 | MW: 399.5 | LogP: 5.29,,
51,227901,C/C(=N\NC1=NC=CS1)C(=O)O,7,7,0,0,0,0.3141,0.3587,100.00,7,7,100.0,0.288,0.359,HIGHEST ATTR (ACTIVE): CHEMBL5409703 | SMILES: C/C(=N\NC1=NC(C2=CC=C(C#N)C=C2)=CS1)C(=O)O | Attribution: 0.359 | Prediction: 0.895 | MW: 286.3 | LogP: 2.55,LOWEST ATTR (ACTIVE): CHEMBL5406590 | SMILES: C/C(=N\NC1=NC(C2=CC=C(Br)C=C2)=CS1)C(=O)O | Attribution: 0.288 | Prediction: 0.897 | MW: 340.2 | LogP: 3.45,,
52,228962,CN1C=C(CN2C=NN(C3=CC=CC=C3)C2=O)N=N1,7,7,0,0,0,0.3044,0.3219,100.00,7,7,100.0,0.293,0.322,HIGHEST ATTR (ACTIVE): CHEMBL4862501 | SMILES: O=C1N(CC2=CN(CC3=CC4=CC=CC=C4N=C3Cl)N=N2)C=NN1C1=CC=CC=C1 | Attribution: 0.322 | Prediction: 0.949 | MW: 417.9 | LogP: 2.92,LOWEST ATTR (ACTIVE): CHEMBL4879001 | SMILES: O=C1N(CC2=CN(CC3=CC4=CC(Br)=CC=C4N=C3Cl)N=N2)C=NN1C1=CC=CC=C1 | Attribution: 0.293 | Prediction: 0.965 | MW: 496.8 | LogP: 3.69,,
53,229446,CCC[N+]C,7,7,0,0,0,0.3002,0.3205,100.00,7,7,100.0,0.288,0.321,HIGHEST ATTR (ACTIVE): CHEMBL1944677 | SMILES: CCCCCCCCCCC1(O)C=CC2=[N+](C)CCCN21 | Attribution: 0.321 | Prediction: 0.976 | MW: 293.5 | LogP: 3.52,LOWEST ATTR (ACTIVE): CHEMBL4861865 | SMILES: CCCCCCCCCCCCCCC1(O)C(C)=C(C)C2=[N+](C)CCCN21 | Attribution: 0.288 | Prediction: 0.989 | MW: 377.6 | LogP: 5.86,,
54,231054,C/C(CCC(=O)O)=N\NC1=NC=CS1,7,7,0,0,0,0.2968,0.3648,100.00,7,7,100.0,0.271,0.365,HIGHEST ATTR (ACTIVE): CHEMBL5413824 | SMILES: C/C(CCC(=O)O)=N\NC1=NC(C2=CC=C(C#N)C=C2)=CS1 | Attribution: 0.365 | Prediction: 0.958 | MW: 314.4 | LogP: 3.33,LOWEST ATTR (ACTIVE): CHEMBL5422980 | SMILES: C/C(CCC(=O)O)=N\NC1=NC(C2=CC=CC=C2)=CS1 | Attribution: 0.271 | Prediction: 0.937 | MW: 289.4 | LogP: 3.46,,
55,219349,COC1=CC=C(NNC=O)C=C1,7,7,0,0,0,0.2839,0.3054,100.00,7,7,100.0,0.262,0.305,HIGHEST ATTR (ACTIVE): CHEMBL5419175 | SMILES: COC1=CC=C(NNC(=O)C2=NC(F)=CC=C2F)C=C1 | Attribution: 0.305 | Prediction: 0.958 | MW: 279.2 | LogP: 2.13,LOWEST ATTR (ACTIVE): CHEMBL5430035 | SMILES: COC1=CC=C(NNC(=O)C2=CC=CC=N2)C=C1 | Attribution: 0.262 | Prediction: 0.904 | MW: 243.3 | LogP: 1.85,,
56,230734,ClC1=CC=CC=C1C1=CNC=C1,7,7,0,0,0,0.2812,0.3808,100.00,7,7,100.0,0.152,0.381,HIGHEST ATTR (ACTIVE): CHEMBL132412 | SMILES: CC1=CC=C(C(C2=CNC=C2C2=CC=CC=C2Cl)N2C=CN=C2)C=C1 | Attribution: 0.381 | Prediction: 0.800 | MW: 347.8 | LogP: 5.48,LOWEST ATTR (ACTIVE): CHEMBL135421 | SMILES: ClC1=CC=C(C(C2=CNC=C2C2=CC=CC=C2Cl)N2C=CN=C2)C=C1Cl | Attribution: 0.152 | Prediction: 0.883 | MW: 402.7 | LogP: 6.48,,
57,230166,O=CNC1=CC=C(OC(F)(F)F)C=C1,7,7,0,0,0,0.2799,0.2964,100.00,7,7,100.0,0.266,0.296,HIGHEST ATTR (ACTIVE): CHEMBL4536140 | SMILES: O=C1NC2=CC=C(OC(F)(F)F)C=C2[C@@]12N[C@H](CC1=CNC=N1)[C@@H]([N+](=O)[O-])[C@@H]2C1=CC=CC=C1 | Attribution: 0.296 | Prediction: 0.972 | MW: 473.4 | LogP: 3.10,LOWEST ATTR (ACTIVE): CHEMBL4549027 | SMILES: O=C1NC2=CC=C(OC(F)(F)F)C=C2[C@@]12N[C@H](CC1=CNC=N1)[C@@H]([N+](=O)[O-])[C@@H]2C1=CC=CC=C1Cl | Attribution: 0.266 | Prediction: 0.979 | MW: 507.9 | LogP: 3.75,,
58,232772,ClC1=CC=C(C2=CNC=C2)C=C1,8,7,1,0,0,0.2753,0.3808,87.50,7,8,87.5,-0.147,0.381,HIGHEST ATTR (ACTIVE): CHEMBL3084303 | SMILES: ClC1=CC=C(C2=CNC=C2[C@H](C2=CC=C(Cl)C=C2Cl)N2C=CN=C2)C=C1 | Attribution: 0.381 | Prediction: 0.925 | MW: 402.7 | LogP: 6.48,LOWEST ATTR (INACTIVE): CHEMBL3085213 | SMILES: ClC1=CC=C(C2=CNC=C2[C@@H](C2=CC=C(Cl)C=C2Cl)N2C=NN=C2)C=C1 | Attribution: -0.147 | Prediction: 0.438 | MW: 403.7 | LogP: 5.87,,
59,111388,CCCCCCCCCCCCCCN,8,7,1,0,0,0.2654,0.3808,87.50,7,8,87.5,-0.381,0.381,HIGHEST ATTR (ACTIVE): CHEMBL537659 | SMILES: CCCCCCCCCCCCCCNC1CCC2=CC=C(OC)C=C2C1 | Attribution: 0.381 | Prediction: 0.854 | MW: 373.6 | LogP: 6.84,LOWEST ATTR (INACTIVE): CHEMBL2019056 | SMILES: CCCCCCCCCCCCCCN[C@@H](CC1=CN=CN1)C(=O)N[C@@H](CC1=CN=CN1)C(=O)O | Attribution: -0.381 | Prediction: 0.145 | MW: 488.7 | LogP: 4.15,,
60,227789,CCCCCCCCCCCCCCNC(C)CC,7,7,0,0,0,0.2650,0.3206,100.00,7,7,100.0,0.189,0.321,HIGHEST ATTR (ACTIVE): CHEMBL537882 | SMILES: CCCCCCCCCCCCCCNC1CCC2=CC(O)=CC=C2C1 | Attribution: 0.321 | Prediction: 0.901 | MW: 359.6 | LogP: 6.54,LOWEST ATTR (ACTIVE): CHEMBL537660 | SMILES: CCCCCCCCCCCCCCNC1CCC2=CC=CC(OC)=C2C1 | Attribution: 0.189 | Prediction: 0.835 | MW: 373.6 | LogP: 6.84,,
61,232662,OCC1=NC=NC=C1,7,7,0,0,0,0.2589,0.2636,100.00,7,7,100.0,0.250,0.264,HIGHEST ATTR (ACTIVE): CHEMBL1935223 | SMILES: CCOC(=O)C1=C(N)OC2=C1C(SC1=CC=C(C)C=C1)=C(O)C1=NC=NC=C12 | Attribution: 0.264 | Prediction: 0.972 | MW: 395.4 | LogP: 4.30,LOWEST ATTR (ACTIVE): CHEMBL1935225 | SMILES: CCOC(=O)C1=C(N)OC2=C1C(SC1=CC=C(Br)C=C1)=C(O)C1=NC=NC=C12 | Attribution: 0.250 | Prediction: 0.974 | MW: 460.3 | LogP: 4.75,,
62,232738,NC(=O)C1=CC=C(C2=CC=CC=C2)C(F)=C1,7,7,0,0,0,0.2449,0.3203,100.00,7,7,100.0,0.207,0.320,HIGHEST ATTR (ACTIVE): CHEMBL4445672 | SMILES: O=C(NC(CN1C=CN=C1)C(=O)C1=CC=CC(Cl)=C1)C1=CC=C(C2=CC=CC=C2)C(F)=C1 | Attribution: 0.320 | Prediction: 0.881 | MW: 447.9 | LogP: 5.02,LOWEST ATTR (ACTIVE): CHEMBL4448438 | SMILES: O=C(N[C@@H](CC1=CC=CC=C1)CN1C=CN=C1)C1=CC=C(C2=CC=CC=C2)C(F)=C1 | Attribution: 0.207 | Prediction: 0.903 | MW: 399.5 | LogP: 4.73,,
63,230069,CC1=C(N)C2=NC3=CC=CC=C3N2C1,7,7,0,0,0,0.2272,0.2351,100.00,7,7,100.0,0.214,0.235,HIGHEST ATTR (ACTIVE): CHEMBL4216898 | SMILES: C1=CC=C2N=C3C(=CC2=C1)CN1C3=NC2=CC=CC=C21 | Attribution: 0.235 | Prediction: 0.733 | MW: 257.3 | LogP: 3.61,LOWEST ATTR (ACTIVE): CHEMBL4212193 | SMILES: CC1=CC=CC2=CC3=C(N=C12)C1=NC2=CC=CC=C2N1C3 | Attribution: 0.214 | Prediction: 0.807 | MW: 271.3 | LogP: 3.92,,
64,227157,N=C(N)N/N=C/C1=CC=CS1,7,7,0,0,0,0.2019,0.2427,100.00,7,7,100.0,0.174,0.243,HIGHEST ATTR (ACTIVE): CHEMBL3765488 | SMILES: N=C(N)N/N=C/C1=CC=C(C2=CC=C(/C=N/NC(=N)N)S2)C=C1 | Attribution: 0.243 | Prediction: 0.924 | MW: 328.4 | LogP: 1.05,LOWEST ATTR (ACTIVE): CHEMBL3764072 | SMILES: N=C(N)N/N=C/C1=CC=C(C2=CC=CC=C2)S1 | Attribution: 0.174 | Prediction: 0.834 | MW: 244.3 | LogP: 2.23,,
65,227477,CCC(NCC1=CC=CC=C1)C,7,7,0,0,0,0.1942,0.2537,100.00,7,7,100.0,0.129,0.254,HIGHEST ATTR (ACTIVE): CHEMBL534954 | SMILES: OC1=CC=C2CC(NCC3=CC=CC=C3)CCC2=C1 | Attribution: 0.254 | Prediction: 0.862 | MW: 253.3 | LogP: 3.04,LOWEST ATTR (ACTIVE): CHEMBL559169 | SMILES: COC1=CC=CC2=C1CCC(NCC1=CC=CC=C1)C2 | Attribution: 0.129 | Prediction: 0.696 | MW: 267.4 | LogP: 3.34,,
66,228989,N-C(CSC1=CC=CC=C1)-O,7,7,0,0,0,0.1917,0.2222,100.00,7,7,100.0,0.175,0.222,HIGHEST ATTR (ACTIVE): CHEMBL233303 | SMILES: COC(=O)C1=CC=C2OC(CSC3=CC=CC=C3)=NC2=C1 | Attribution: 0.222 | Prediction: 0.983 | MW: 299.4 | LogP: 3.91,LOWEST ATTR (ACTIVE): CHEMBL395218 | SMILES: O=[N+]([O-])C1=CC=C2N=C(CSC3=CC=CC=C3)OC2=C1 | Attribution: 0.175 | Prediction: 0.992 | MW: 286.3 | LogP: 4.03,,
67,230322,CN1OCC[C@@]1(CN1C=CN=C1)C1=CC=C(Cl)C=C1,7,7,0,0,0,0.1591,0.2027,100.00,7,7,100.0,0.116,0.203,HIGHEST ATTR (ACTIVE): CHEMBL61061 | SMILES: CN1O[C@@H](C2=C(Cl)C=CC=C2Cl)C[C@@]1(CN1C=CN=C1)C1=CC=C(Cl)C=C1 | Attribution: 0.203 | Prediction: 0.970 | MW: 422.7 | LogP: 5.75,LOWEST ATTR (ACTIVE): CHEMBL292561 | SMILES: CN1O[C@H](C2=CC=C(Cl)C=C2)C[C@@]1(CN1C=CN=C1)C1=CC=C(Cl)C=C1 | Attribution: 0.116 | Prediction: 0.941 | MW: 388.3 | LogP: 5.09,,
68,228963,CN1C=NN(C2=CC=CC=C2)C1=O,7,7,0,0,0,0.1532,0.1768,100.00,7,7,100.0,0.116,0.177,HIGHEST ATTR (ACTIVE): CHEMBL4862501 | SMILES: O=C1N(CC2=CN(CC3=CC4=CC=CC=C4N=C3Cl)N=N2)C=NN1C1=CC=CC=C1 | Attribution: 0.177 | Prediction: 0.949 | MW: 417.9 | LogP: 2.92,LOWEST ATTR (ACTIVE): CHEMBL4851967 | SMILES: COC1=CC=C2C=C(CN3C=C(CN4C=NN(C5=CC=CC=C5)C4=O)N=N3)C(Cl)=NC2=C1 | Attribution: 0.116 | Prediction: 0.966 | MW: 447.9 | LogP: 2.93,,
69,232083,NC1=CC(=O)C2=C(C=C(CO)S2)C1=O,7,7,0,0,0,0.1278,0.1689,100.00,6,7,85.7,0.096,0.169,HIGHEST ATTR (ACTIVE): CHEMBL191404 | SMILES: O=C1C(NC2=CC=C(O)C=C2)=CC(=O)C2=C1C=C(CO)S2 | Attribution: 0.169 | Prediction: 0.854 | MW: 301.3 | LogP: 2.32,LOWEST ATTR (ACTIVE): CHEMBL191889 | SMILES: O=C1C(NC2=CC=C(C(F)(F)F)C=C2)=CC(=O)C2=C1C=C(CO)S2 | Attribution: 0.096 | Prediction: 0.878 | MW: 353.3 | LogP: 3.63,,
70,230732,ClC1=CC=CC=C1C1=CNC=C1CN1C=CN=C1,7,7,0,0,0,0.1178,0.1793,100.00,5,7,71.4,0.003,0.179,HIGHEST ATTR (ACTIVE): CHEMBL335690 | SMILES: ClC1=CC=C(C(C2=CNC=C2C2=CC=CC=C2Cl)N2C=CN=C2)C(Cl)=C1 | Attribution: 0.179 | Prediction: 0.894 | MW: 402.7 | LogP: 6.48,LOWEST ATTR (ACTIVE): CHEMBL132520 | SMILES: ClC1=CC=CC=C1C1=CNC=C1C(C1=CC=C(N2C=CC=C2)C=C1)N1C=CN=C1 | Attribution: 0.003 | Prediction: 0.652 | MW: 398.9 | LogP: 5.96,,
71,234013,NC1=NC=CC(C2=CC=C(N3C=NN=N3)C=C2)=N1,7,7,0,0,0,0.1106,0.1281,100.00,4,7,57.1,0.095,0.128,HIGHEST ATTR (ACTIVE): CHEMBL4467264 | SMILES: NC1=NC(C2=CC=C(F)C=C2)=CC(C2=CC=C(N3C=NN=N3)C=C2)=N1 | Attribution: 0.128 | Prediction: 0.933 | MW: 333.3 | LogP: 2.51,LOWEST ATTR (ACTIVE): CHEMBL4454482 | SMILES: CN(C)C1=CC=C(C2=CC(C3=CC=C(N4C=NN=N4)C=C3)=NC(N)=N2)C=C1 | Attribution: 0.095 | Prediction: 0.917 | MW: 358.4 | LogP: 2.43,,
72,228961,C-C(CN1C=C(CN2C=NN(C3=CC=CC=C3)C2=O)N=N1)-C(Cl)-N,7,7,0,0,0,0.1005,0.1213,100.00,5,7,71.4,0.056,0.121,HIGHEST ATTR (ACTIVE): CHEMBL4851967 | SMILES: COC1=CC=C2C=C(CN3C=C(CN4C=NN(C5=CC=CC=C5)C4=O)N=N3)C(Cl)=NC2=C1 | Attribution: 0.121 | Prediction: 0.966 | MW: 447.9 | LogP: 2.93,LOWEST ATTR (ACTIVE): CHEMBL4862492 | SMILES: CC1=CC=CC2=CC(CN3C=C(CN4C=NN(C5=CC=CC=C5)C4=O)N=N3)=C(Cl)N=C12 | Attribution: 0.056 | Prediction: 0.938 | MW: 431.9 | LogP: 3.23,,
73,229525,COCCC(=O)NN,6,6,0,0,0,0.3765,0.3808,100.00,6,6,100.0,0.371,0.381,HIGHEST ATTR (ACTIVE): CHEMBL474236 | SMILES: COCCC(=O)NNC1=C(C(=O)OC)C=C(C2=CC=CC=C2)N1 | Attribution: 0.381 | Prediction: 0.907 | MW: 317.3 | LogP: 1.95,LOWEST ATTR (ACTIVE): CHEMBL449781 | SMILES: CCOC(=O)C1=C(NNC(=O)CCOC)NC(C2=CC=C(OC)C=C2)=C1 | Attribution: 0.371 | Prediction: 0.881 | MW: 361.4 | LogP: 2.35,,
74,232115,CCN1CCN(C2=CC=C(N3C=NN=N3)C=C2)C1=O,6,6,0,0,0,0.3590,0.3698,100.00,6,6,100.0,0.336,0.370,HIGHEST ATTR (ACTIVE): CHEMBL5171444 | SMILES: CC(=O)OC[N+]1=CN(C[C@](O)(C2=CC=C(F)C=C2F)[C@@H](C)N2CCN(C3=CC=C(N4C=NN=N4)C=C3)C2=O)N=C1 | Attribution: 0.370 | Prediction: 0.991 | MW: 554.5 | LogP: 1.16,LOWEST ATTR (ACTIVE): CHEMBL5189222 | SMILES: CC(C)C(=O)OC[N+]1=CN(C[C@](O)(C2=CC=C(F)C=C2F)[C@@H](C)N2CCN(C3=CC=C(N4C=NN=N4)C=C3)C2=O)N=C1 | Attribution: 0.336 | Prediction: 0.990 | MW: 582.6 | LogP: 1.80,,
75,232193,O=C1C=CC2=CC(CO)=CC=C2O1,8,6,2,0,0,0.3331,0.3808,75.00,7,8,87.5,0.024,0.381,HIGHEST ATTR (ACTIVE): CHEMBL5431515 | SMILES: O=C1C=CC2=CC(COC(CN3C=CN=C3)C3=CC=C(F)C=C3F)=CC=C2O1 | Attribution: 0.381 | Prediction: 0.904 | MW: 382.4 | LogP: 4.23,LOWEST ATTR (INACTIVE): CHEMBL5420010 | SMILES: O=C1C=CC2=CC(COC(CN3C=CN=N3)C3=CC=C(Cl)C=C3Cl)=CC=C2O1 | Attribution: 0.024 | Prediction: 0.248 | MW: 416.3 | LogP: 4.65,INACTIVE w/ POS ATTR: CHEMBL5404918 | SMILES: O=C1C=CC2=CC(COC(CN3C=CN=N3)C3=CC=C(F)C=C3F)=CC=C2O1 | Attribution: 0.381 | Prediction: 0.401 | MW: 383.4,
76,231688,ClC1=CC=C(/C=N/NC2=NC=CS2)C(Cl)=C1,6,6,0,0,0,0.3207,0.3542,100.00,6,6,100.0,0.259,0.354,HIGHEST ATTR (ACTIVE): CHEMBL221483 | SMILES: ClC1=CC=C(/C=N/NC2=NC(C3=CC=CC=C3)=CS2)C(Cl)=C1 | Attribution: 0.354 | Prediction: 0.929 | MW: 348.3 | LogP: 5.56,LOWEST ATTR (ACTIVE): CHEMBL4076309 | SMILES: COC(=O)C1=CC(C2=CSC(N/N=C/C3=CC=C(Cl)C=C3Cl)=N2)=CC=C1OCC1=CC=CC=C1 | Attribution: 0.259 | Prediction: 0.911 | MW: 512.4 | LogP: 6.93,,
77,218013,COC1=CC=CC(NNC=O)=C1,6,6,0,0,0,0.3083,0.3435,100.00,6,6,100.0,0.290,0.344,HIGHEST ATTR (ACTIVE): CHEMBL5435252 | SMILES: COC1=CC=CC(NNC(=O)C2=CC=C(Br)C=N2)=C1 | Attribution: 0.344 | Prediction: 0.946 | MW: 322.2 | LogP: 2.61,LOWEST ATTR (ACTIVE): CHEMBL5415448 | SMILES: COC1=CC=CC(NNC(=O)C2=CN=CC=N2)=C1 | Attribution: 0.290 | Prediction: 0.903 | MW: 244.3 | LogP: 1.24,,
78,232900,COC1=CC=C(N2N=CN(CC3=CN(C)N=N3)C2=O)C=C1,6,6,0,0,0,0.2823,0.3001,100.00,6,6,100.0,0.272,0.300,HIGHEST ATTR (ACTIVE): CHEMBL4855217 | SMILES: COC1=CC=C(N2N=CN(CC3=CN(CC4=CC5=CC=CC(C)=C5N=C4Cl)N=N3)C2=O)C=C1 | Attribution: 0.300 | Prediction: 0.947 | MW: 461.9 | LogP: 3.24,LOWEST ATTR (ACTIVE): CHEMBL4877837 | SMILES: COC1=CC=C(N2N=CN(CC3=CN(CC4=CC5=CC(Br)=CC=C5N=C4Cl)N=N3)C2=O)C=C1 | Attribution: 0.272 | Prediction: 0.968 | MW: 526.8 | LogP: 3.69,,
79,233687,N-C=S,6,6,0,0,0,0.2758,0.2880,100.00,6,6,100.0,0.249,0.288,HIGHEST ATTR (ACTIVE): CHEMBL4438209 | SMILES: S=C1NC2=C(C3=NN=NN13)C(C1=CC=CC=C1)C1=CC=C3C=CC=CC3=C1O2 | Attribution: 0.288 | Prediction: 0.981 | MW: 383.4 | LogP: 4.62,LOWEST ATTR (ACTIVE): CHEMBL4450674 | SMILES: O=[N+]([O-])C1=CC=CC(C2C3=CC=C4C=CC=CC4=C3OC3=C2C2=NN=NN2C(=S)N3)=C1 | Attribution: 0.249 | Prediction: 0.974 | MW: 428.4 | LogP: 4.53,,
80,233489,CC1=CC=C(NC(=CC=O)C=O)C=C1,6,6,0,0,0,0.2709,0.3150,100.00,6,6,100.0,0.231,0.315,HIGHEST ATTR (ACTIVE): CHEMBL3706799 | SMILES: CC1=CC=C(NC2=CC(=O)C3=C(N=C(C)[Se]3)C2=O)C=C1 | Attribution: 0.315 | Prediction: 0.982 | MW: 331.2 | LogP: 2.13,LOWEST ATTR (ACTIVE): CHEMBL391956 | SMILES: CC1=CC=C(NC2=CC(=O)C3=CN=NC=C3C2=O)C=C1 | Attribution: 0.231 | Prediction: 0.973 | MW: 265.3 | LogP: 2.16,,
81,231947,O=CC=C(NC1=CC=C(Br)C=C1)C=O,6,6,0,0,0,0.2606,0.3163,100.00,6,6,100.0,0.222,0.316,HIGHEST ATTR (ACTIVE): CHEMBL3706793 | SMILES: CC1=NC2=C([Se]1)C(=O)C=C(NC1=CC=C(Br)C=C1)C2=O | Attribution: 0.316 | Prediction: 0.984 | MW: 396.1 | LogP: 2.58,LOWEST ATTR (ACTIVE): CHEMBL2348706 | SMILES: COC(=O)C1=C(C)N=C(C)C2=C1C(=O)C=C(NC1=CC=C(Br)C=C1)C2=O | Attribution: 0.222 | Prediction: 0.962 | MW: 415.2 | LogP: 3.62,,
82,229521,CC(C)[C@@H](CN1C=CN=C1)NC=O,6,6,0,0,0,0.2605,0.3040,100.00,6,6,100.0,0.197,0.304,HIGHEST ATTR (ACTIVE): CHEMBL4538986 | SMILES: CC(C)[C@@H](CN1C=CN=C1)NC(=O)C1=CC=C(C2=CC=CC=C2)C=C1F | Attribution: 0.304 | Prediction: 0.971 | MW: 351.4 | LogP: 4.14,LOWEST ATTR (ACTIVE): CHEMBL4436768 | SMILES: CC(C)[C@@H](CN1C=CN=C1)NC(=O)C1=CC=C(C2=CC=CC(F)=C2)C=C1 | Attribution: 0.197 | Prediction: 0.960 | MW: 351.4 | LogP: 4.14,,
83,227732,NC(=O)C1=CN=C(C2=CC=CC(F)=C2)N=C1,6,6,0,0,0,0.2553,0.2994,100.00,6,6,100.0,0.204,0.299,HIGHEST ATTR (ACTIVE): CHEMBL5405146 | SMILES: O=C(NC(CN1C=CN=C1)C(=O)C1=CC=C(Cl)C=C1)C1=CN=C(C2=CC=CC(F)=C2)N=C1 | Attribution: 0.299 | Prediction: 0.850 | MW: 449.9 | LogP: 3.81,LOWEST ATTR (ACTIVE): CHEMBL5434854 | SMILES: O=C(NC(CN1C=CN=C1)C(=O)C1=CC=C(I)C=C1)C1=CN=C(C2=CC=CC(F)=C2)N=C1 | Attribution: 0.204 | Prediction: 0.887 | MW: 541.3 | LogP: 3.77,,
84,231465,CC(C)OC(=O)[C@H](CN1C=CN=C1)NC(=O)C-N-O,6,6,0,0,0,0.2549,0.2721,100.00,6,6,100.0,0.222,0.272,HIGHEST ATTR (ACTIVE): CHEMBL4227117 | SMILES: CC(C)OC(=O)[C@H](CN1C=CN=C1)NC(=O)C1=NOC2=C1CCC1=CC=CC=C12 | Attribution: 0.272 | Prediction: 0.971 | MW: 394.4 | LogP: 2.39,LOWEST ATTR (ACTIVE): CHEMBL4228172 | SMILES: CC(C)OC(=O)[C@H](CN1C=CN=C1)NC(=O)C1=NOC2=C1CCC1=CC=C(Br)C=C12 | Attribution: 0.222 | Prediction: 0.978 | MW: 473.3 | LogP: 3.15,,
85,229879,ClC1=CC=C(C2=CNC=C2)C(Cl)=C1,6,6,0,0,0,0.2533,0.3572,100.00,5,6,83.3,0.080,0.357,HIGHEST ATTR (ACTIVE): CHEMBL334663 | SMILES: CC1=CC=C(C(C2=CNC=C2C2=CC=C(Cl)C=C2Cl)N2C=CN=C2)C=C1 | Attribution: 0.357 | Prediction: 0.862 | MW: 382.3 | LogP: 6.13,LOWEST ATTR (ACTIVE): CHEMBL135425 | SMILES: ClC1=CC=C(C2=CNC=C2C(C2=CC=C(Cl)C(Cl)=C2)N2C=CN=C2)C(Cl)=C1 | Attribution: 0.080 | Prediction: 0.866 | MW: 437.2 | LogP: 7.13,,
86,231367,CC(C)OC(=O)[C@H](CN1C=CN=C1)NC(=O)C(-N)-S,6,6,0,0,0,0.2418,0.2641,100.00,6,6,100.0,0.209,0.264,HIGHEST ATTR (ACTIVE): CHEMBL4086684 | SMILES: COC1=CC=C2N=C(C(=O)N[C@@H](CN3C=CN=C3)C(=O)OC(C)C)SC2=C1 | Attribution: 0.264 | Prediction: 0.905 | MW: 388.4 | LogP: 2.25,LOWEST ATTR (ACTIVE): CHEMBL4088686 | SMILES: CC(C)OC(=O)[C@H](CN1C=CN=C1)NC(=O)C1=NC2=CC=C(Br)C=C2S1 | Attribution: 0.209 | Prediction: 0.916 | MW: 437.3 | LogP: 3.01,,
87,230759,CC1=CC=C(S)C=C1C,8,6,2,0,0,0.2081,0.3808,75.00,7,8,87.5,-0.360,0.381,HIGHEST ATTR (ACTIVE): CHEMBL2348703 | SMILES: COC(=O)C1=C(C)N=C(C)C2=C1C(=O)C=C(SC1=CC=C(C)C(C)=C1)C2=O | Attribution: 0.381 | Prediction: 0.942 | MW: 381.5 | LogP: 4.16,LOWEST ATTR (INACTIVE): CHEMBL205791 | SMILES: COC(=O)C1=C(N)N=NC2=C(C)C(C)=C(O)C(SC3=CC=C(C)C(C)=C3)=C12 | Attribution: -0.360 | Prediction: 0.034 | MW: 383.5 | LogP: 4.09,INACTIVE w/ POS ATTR: CHEMBL388465 | SMILES: CC1=CC=C(SC2=C(SC3=CC=C(C)C(C)=C3)C(=O)C3=C(C=CN3)C2=O)C=C1C | Attribution: 0.253 | Prediction: 0.279 | MW: 419.6,
88,227473,O=C(NC(CN1C=CN=C1)C(=O)C1=CC=CC=C1)C1=CC=CC=C1,6,6,0,0,0,0.1760,0.2476,100.00,5,6,83.3,0.043,0.248,HIGHEST ATTR (ACTIVE): CHEMBL4445031 | SMILES: O=C(NC(CN1C=CN=C1)C(=O)C1=CC=CC=C1)C1=CC=C(C2=CC=CC=C2F)C=C1 | Attribution: 0.248 | Prediction: 0.873 | MW: 413.5 | LogP: 4.37,LOWEST ATTR (ACTIVE): CHEMBL5438721 | SMILES: O=C(NC(CN1C=CN=C1)C(=O)C1=CC=CC=C1)C1=CC=C(C2=CC=CN=C2)C=C1 | Attribution: 0.043 | Prediction: 0.682 | MW: 396.5 | LogP: 3.63,,
89,234777,CCC1C(C)CC[C@H](O)C1(C)C,6,6,0,0,0,0.1733,0.2742,100.00,5,6,83.3,0.097,0.274,HIGHEST ATTR (ACTIVE): CHEMBL9864 | SMILES: C[C@H](CCC1=NC=CN1)C1CC[C@@]2(C)C3=C(CC[C@]12C)[C@@]1(C)CC[C@H](O)C(C)(C)C1CC3 | Attribution: 0.274 | Prediction: 0.561 | MW: 438.7 | LogP: 7.09,LOWEST ATTR (ACTIVE): CHEMBL355484 | SMILES: CC(C)CCC[C@@H](C)C1CCN[C@@]2(C)C3=CCC4C(C)(C)[C@@H](O)CC[C@]4(C)C3CC[C@]12C | Attribution: 0.097 | Prediction: 0.918 | MW: 443.8 | LogP: 7.37,,
90,212424,O=CNNC1=CC=CC(Cl)=C1,7,6,1,0,0,0.1729,0.3119,85.71,6,7,85.7,-0.291,0.312,HIGHEST ATTR (ACTIVE): CHEMBL5433540 | SMILES: O=C(NNC1=CC=CC(Cl)=C1)C1=CN=CC=N1 | Attribution: 0.312 | Prediction: 0.950 | MW: 248.7 | LogP: 1.89,LOWEST ATTR (INACTIVE): CS000202203 | SMILES: CC(=O)N1CC(C(=O)NNC2=CC=CC(Cl)=C2)OC2=CC=CC=C21 | Attribution: -0.291 | Prediction: 0.166 | MW: 345.8 | LogP: 2.60,,
91,229348,ClC1=CC=C2C=CSC2=C1,6,6,0,0,0,0.1720,0.2006,100.00,6,6,100.0,0.120,0.201,HIGHEST ATTR (ACTIVE): CHEMBL5069601 | SMILES: ClC1=CC=C(C2(CN3C=NC=N3)COC(C3=CC4=CC=C(Cl)C=C4S3)=N2)C=C1 | Attribution: 0.201 | Prediction: 0.835 | MW: 429.3 | LogP: 5.17,LOWEST ATTR (ACTIVE): CHEMBL5092693 | SMILES: FC1=CC(F)=CC(C2(CN3C=NC=N3)COC(C3=CC4=CC=C(Cl)C=C4S3)=N2)=C1 | Attribution: 0.120 | Prediction: 0.850 | MW: 430.9 | LogP: 4.80,,
92,235169,BrC1=CC=C2C=CSC2=C1,6,6,0,0,0,0.1657,0.1978,100.00,6,6,100.0,0.121,0.198,HIGHEST ATTR (ACTIVE): CHEMBL5093244 | SMILES: BrC1=CC=C2C=C(C3=NC(CN4C=NC=N4)(C4=CC=CC=C4)CO3)SC2=C1 | Attribution: 0.198 | Prediction: 0.796 | MW: 439.3 | LogP: 4.63,LOWEST ATTR (ACTIVE): CHEMBL5078665 | SMILES: FC1=CC(F)=CC(C2(CN3C=NC=N3)COC(C3=CC4=CC=C(Br)C=C4S3)=N2)=C1 | Attribution: 0.121 | Prediction: 0.855 | MW: 475.3 | LogP: 4.91,,
93,232899,COC1=CC=C(N2N=CN(C)C2=O)C=C1,6,6,0,0,0,0.1467,0.1677,100.00,6,6,100.0,0.109,0.168,HIGHEST ATTR (ACTIVE): CHEMBL4870985 | SMILES: COC1=CC=C(N2N=CN(CC3=CN(CC4=CC5=CC=CC=C5N=C4Cl)N=N3)C2=O)C=C1 | Attribution: 0.168 | Prediction: 0.953 | MW: 447.9 | LogP: 2.93,LOWEST ATTR (ACTIVE): CHEMBL4864724 | SMILES: COC1=CC=C(N2N=CN(CC3=CN(CC4=CC5=CC=C(Cl)C=C5N=C4Cl)N=N3)C2=O)C=C1 | Attribution: 0.109 | Prediction: 0.967 | MW: 482.3 | LogP: 3.59,,
94,230992,CC(C)C1=CC2CC3(C=O)[C@@H]4CC[C@@H](C)[C@H]4CC2[C@]13C(=O)O,6,6,0,0,0,0.1248,0.1427,100.00,6,6,100.0,0.113,0.143,HIGHEST ATTR (ACTIVE): CHEMBL176735 | SMILES: CC(C)CCC1CC(C23C[C@@H]4[C@H](C)CC[C@H]4C4(C=O)CC2C=C(C(C)C)[C@@]34C(=O)O)=NO1 | Attribution: 0.143 | Prediction: 0.880 | MW: 441.6 | LogP: 5.49,LOWEST ATTR (ACTIVE): CHEMBL369382 | SMILES: CCCCOC1CC(C23C[C@@H]4[C@H](C)CC[C@H]4C4(C=O)CC2C=C(C(C)C)[C@@]34C(=O)O)=NO1 | Attribution: 0.113 | Prediction: 0.908 | MW: 443.6 | LogP: 4.83,,
95,227123,CC(C)COC(=O)[C@H](CN1C=CN=C1)NC(=O)C(-N)-S,8,6,2,0,0,0.1246,0.2810,75.00,6,8,75.0,-0.356,0.281,HIGHEST ATTR (ACTIVE): CHEMBL4068518 | SMILES: CC(C)COC(=O)[C@H](CN1C=CN=C1)NC(=O)C1=NC2=CC=C(F)C=C2S1 | Attribution: 0.281 | Prediction: 0.908 | MW: 390.4 | LogP: 2.63,LOWEST ATTR (INACTIVE): CHEMBL4076184 | SMILES: CC1=CC=CC2=C1N=C(C(=O)N[C@@H](CN1C=CN=C1)C(=O)OCC(C)C)S2 | Attribution: -0.356 | Prediction: 0.236 | MW: 386.5 | LogP: 2.80,,
96,227007,O=CC(CN1C=CN=C1)CN1C=CN=C1,6,6,0,0,0,0.1123,0.2257,100.00,3,6,50.0,-0.007,0.226,HIGHEST ATTR (ACTIVE): CHEMBL239870 | SMILES: O=C(C1=CC=C(Br)S1)C(CN1C=CN=C1)CN1C=CN=C1 | Attribution: 0.226 | Prediction: 0.914 | MW: 365.3 | LogP: 3.10,LOWEST ATTR (ACTIVE): CHEMBL413804 | SMILES: O=C(C1=CC=CC=C1)C(CN1C=CN=C1)CN1C=CN=C1 | Attribution: -0.007 | Prediction: 0.675 | MW: 280.3 | LogP: 2.28,,ACTIVE w/ NEG ATTR: CHEMBL413804 | SMILES: O=C(C1=CC=CC=C1)C(CN1C=CN=C1)CN1C=CN=C1 | Attribution: -0.007 | Prediction: 0.675 | MW: 280.3
97,228496,CC(C)(C)C(=O)OCC1C=CC(=O)OC1,6,6,0,0,0,0.1037,0.1237,100.00,3,6,50.0,0.085,0.124,HIGHEST ATTR (ACTIVE): CHEMBL1288022 | SMILES: COC1=CC=C(C2=CC(COC(=O)C(C)(C)C)COC2=O)C=C1 | Attribution: 0.124 | Prediction: 0.984 | MW: 318.4 | LogP: 2.84,LOWEST ATTR (ACTIVE): CHEMBL1287960 | SMILES: CC(C)(C)C(=O)OCC1C=C(C2=CC=C(Cl)C(Cl)=C2)C(=O)OC1 | Attribution: 0.085 | Prediction: 0.981 | MW: 357.2 | LogP: 4.14,,
98,229628,CCN1CCN(C2=CC=C([N+](=O)[O-])C=C2)CC1,6,6,0,0,0,0.1005,0.1480,100.00,2,6,33.3,0.072,0.148,HIGHEST ATTR (ACTIVE): CHEMBL4527468 | SMILES: CC(N1N=NN=C1CCN1CCN(C2=CC=C([N+](=O)[O-])C=C2)CC1)C(O)(CN1C=NC=N1)C1=CC=C(F)C=C1F | Attribution: 0.148 | Prediction: 0.989 | MW: 554.6 | LogP: 1.96,LOWEST ATTR (ACTIVE): CHEMBL4442896 | SMILES: O=[N+]([O-])C1=CC=C(N2CCN(CCC3=NN(CC(O)(CN4C=NC=N4)C4=CC=C(F)C=C4F)N=N3)CC2)C=C1 | Attribution: 0.072 | Prediction: 0.997 | MW: 540.5 | LogP: 1.40,,
99,233163,CCN1CCN(C2=C(Cl)C=CC=C2Cl)CC1,6,6,0,0,0,0.1002,0.1389,100.00,2,6,33.3,0.078,0.139,HIGHEST ATTR (ACTIVE): CHEMBL4528405 | SMILES: CC(N1N=NN=C1CCN1CCN(C2=C(Cl)C=CC=C2Cl)CC1)C(O)(CN1C=NC=N1)C1=CC=C(F)C=C1F | Attribution: 0.139 | Prediction: 0.988 | MW: 578.5 | LogP: 3.36,LOWEST ATTR (ACTIVE): CHEMBL4524950 | SMILES: OC(CN1C=NC=N1)(CN1N=NC(CCN2CCN(C3=C(Cl)C=CC=C3Cl)CC2)=N1)C1=CC=C(F)C=C1F | Attribution: 0.078 | Prediction: 0.997 | MW: 564.4 | LogP: 2.80,,
100,234216,CSC1=NC2=CC(C(=O)C3=CC=CC=C3)=CC=C2N1,5,5,0,0,0,0.3808,0.3808,100.00,5,5,100.0,0.381,0.381,HIGHEST ATTR (ACTIVE): CHEMBL5430239 | SMILES: O=C(C1=CC=CC=C1)C1=CC=C2NC(SCC(O)(CN3C=NC=N3)C3=CC=C(F)C=C3)=NC2=C1 | Attribution: 0.381 | Prediction: 0.925 | MW: 473.5 | LogP: 4.20,LOWEST ATTR (ACTIVE): CHEMBL5428053 | SMILES: O=C(C1=CC=CC=C1)C1=CC=C2NC(SCC(O)(CN3C=NC=N3)C3=CC=C(Cl)C=C3Cl)=NC2=C1 | Attribution: 0.381 | Prediction: 0.953 | MW: 524.4 | LogP: 5.37,,
101,228268,NC(=O)C1=CC=C(C2=CC=CC=C2)C=C1F,5,5,0,0,0,0.3753,0.3808,100.00,5,5,100.0,0.353,0.381,HIGHEST ATTR (ACTIVE): CHEMBL4443227 | SMILES: O=C(NC(CN1C=CN=C1)C(=O)C1=CC=CC(F)=C1)C1=CC=C(C2=CC=CC=C2)C=C1F | Attribution: 0.381 | Prediction: 0.957 | MW: 431.4 | LogP: 4.51,LOWEST ATTR (ACTIVE): CHEMBL4473691 | SMILES: O=C(N[C@@H](CC1=CC=CC=C1)CN1C=CN=C1)C1=CC=C(C2=CC=CC=C2)C=C1F | Attribution: 0.353 | Prediction: 0.953 | MW: 399.5 | LogP: 4.73,,
102,233037,COC1=CC=C2N=C(Cl)C(C)=CC2=C1,5,5,0,0,0,0.3434,0.3786,100.00,5,5,100.0,0.318,0.379,HIGHEST ATTR (ACTIVE): CHEMBL1171552 | SMILES: COC1=CC=C2N=C(Cl)C(CN3C=C(C4=CC=CC=C4)N=N3)=CC2=C1 | Attribution: 0.379 | Prediction: 0.975 | MW: 350.8 | LogP: 4.20,LOWEST ATTR (ACTIVE): CHEMBL4070882 | SMILES: COC1=CC=C2N=C(Cl)C(CN3N=NN=C3CC3=CC=CC=C3)=CC2=C1 | Attribution: 0.318 | Prediction: 0.983 | MW: 365.8 | LogP: 3.52,,
103,229897,N-C(CSC1=CC=CC=C1)-N,5,5,0,0,0,0.3363,0.3808,100.00,5,5,100.0,0.306,0.381,HIGHEST ATTR (ACTIVE): CHEMBL233099 | SMILES: COC(=O)C1=CC=C2NC(CSC3=CC=CC=C3)=NC2=C1 | Attribution: 0.381 | Prediction: 0.924 | MW: 298.4 | LogP: 3.64,LOWEST ATTR (ACTIVE): CHEMBL231870 | SMILES: O=[N+]([O-])C1=CC=C2NC(CSC3=CC=CC=C3)=NC2=C1 | Attribution: 0.306 | Prediction: 0.960 | MW: 285.3 | LogP: 3.76,,
104,235510,CC(C)COC(=O)[C@H](CN1C=CN=C1)NC(=O)C1=NOC=C1,5,5,0,0,0,0.3153,0.3363,100.00,5,5,100.0,0.295,0.336,HIGHEST ATTR (ACTIVE): CHEMBL4126548 | SMILES: CC(C)COC(=O)[C@H](CN1C=CN=C1)NC(=O)C1=NOC(C2=CC=CC=C2F)=C1 | Attribution: 0.336 | Prediction: 0.964 | MW: 400.4 | LogP: 2.68,LOWEST ATTR (ACTIVE): CHEMBL4129971 | SMILES: CC(C)COC(=O)[C@H](CN1C=CN=C1)NC(=O)C1=NOC(C2=CC=C(Br)C=C2)=C1 | Attribution: 0.295 | Prediction: 0.965 | MW: 461.3 | LogP: 3.30,,
105,188410,S=C(-S)-NC1=CC=CC=C1,5,5,0,0,0,0.3126,0.3411,100.00,5,5,100.0,0.275,0.341,HIGHEST ATTR (ACTIVE): CHEMBL2238555 | SMILES: COC1=CC=C(NC2=NC3=C(SC(=S)N3C3=CC=CC=C3)C(=O)N2C2=CC=C(OC)C=C2)C=C1 | Attribution: 0.341 | Prediction: 0.970 | MW: 488.6 | LogP: 5.73,LOWEST ATTR (ACTIVE): CHEMBL2238556 | SMILES: COC1=CC=CC=C1NC1=NC2=C(SC(=S)N2C2=CC=CC=C2)C(=O)N1C1=CC=CC=C1OC | Attribution: 0.275 | Prediction: 0.927 | MW: 488.6 | LogP: 5.73,,
106,228104,O=C(NC(CN1C=CN=C1)C(=O)C1=CC=CC=C1)C1=CN=CN=C1,5,5,0,0,0,0.3103,0.3684,100.00,5,5,100.0,0.167,0.368,HIGHEST ATTR (ACTIVE): CHEMBL5397479 | SMILES: O=C(NC(CN1C=CN=C1)C(=O)C1=CC=CC=C1)C1=CN=C(C2=CC=C(F)C=C2)N=C1 | Attribution: 0.368 | Prediction: 0.739 | MW: 415.4 | LogP: 3.16,LOWEST ATTR (ACTIVE): CHEMBL5407042 | SMILES: O=C(NC(CN1C=CN=C1)C(=O)C1=CC=CC=C1)C1=CN=C(C2=CC=CC=C2Cl)N=C1 | Attribution: 0.167 | Prediction: 0.589 | MW: 431.9 | LogP: 3.68,,
107,234202,CC=CC(=O)OCC,6,5,1,0,0,0.3099,0.3808,83.33,5,6,83.3,0.005,0.381,HIGHEST ATTR (ACTIVE): CHEMBL2047789 | SMILES: CCOC(=O)C1=CC[C@H]2C(=O)C3=CC=CC(Cl)=C3O[C@H]12 | Attribution: 0.381 | Prediction: 0.810 | MW: 292.7 | LogP: 2.79,LOWEST ATTR (INACTIVE): CHEMBL2047795 | SMILES: CCOC(=O)C1=CC[C@H]2C(=O)C3=CC(F)=C(Cl)C=C3O[C@H]12 | Attribution: 0.005 | Prediction: 0.515 | MW: 310.7 | LogP: 2.93,INACTIVE w/ POS ATTR: CHEMBL2047795 | SMILES: CCOC(=O)C1=CC[C@H]2C(=O)C3=CC(F)=C(Cl)C=C3O[C@H]12 | Attribution: 0.005 | Prediction: 0.515 | MW: 310.7,
108,235853,ClC1=CC=C(C2=CNC=C2)C=C1Cl,5,5,0,0,0,0.2934,0.3515,100.00,5,5,100.0,0.212,0.352,HIGHEST ATTR (ACTIVE): CHEMBL134980 | SMILES: ClC1=CC=C(C(C2=CNC=C2C2=CC=C(Cl)C(Cl)=C2)N2C=CN=C2)C(Cl)=C1 | Attribution: 0.352 | Prediction: 0.887 | MW: 437.2 | LogP: 7.13,LOWEST ATTR (ACTIVE): CHEMBL134822 | SMILES: ClC1=CC=C(C2=CNC=C2C(C2=CC=C(Cl)C(Cl)=C2)N2C=CN=C2)C=C1Cl | Attribution: 0.212 | Prediction: 0.801 | MW: 437.2 | LogP: 7.13,,
109,229351,COC(C1=CC2=CC=C(Cl)C=C2S1)=N,5,5,0,0,0,0.2931,0.3056,100.00,5,5,100.0,0.276,0.306,HIGHEST ATTR (ACTIVE): CHEMBL5090261 | SMILES: FC1=CC=C(C2(CN3C=NC=N3)COC(C3=CC4=CC=C(Cl)C=C4S3)=N2)C(F)=C1 | Attribution: 0.306 | Prediction: 0.912 | MW: 430.9 | LogP: 4.80,LOWEST ATTR (ACTIVE): CHEMBL5076927 | SMILES: FC1=CC=C(C2(CN3C=NC=N3)COC(C3=CC4=CC=C(Cl)C=C4S3)=N2)C=C1 | Attribution: 0.276 | Prediction: 0.840 | MW: 412.9 | LogP: 4.66,,
110,237952,O=CC=C(NC1=CC=C(Cl)C=C1)C=O,5,5,0,0,0,0.2915,0.3174,100.00,5,5,100.0,0.262,0.317,HIGHEST ATTR (ACTIVE): CHEMBL3706792 | SMILES: CC1=NC2=C([Se]1)C(=O)C=C(NC1=CC=C(Cl)C=C1)C2=O | Attribution: 0.317 | Prediction: 0.984 | MW: 351.7 | LogP: 2.48,LOWEST ATTR (ACTIVE): CHEMBL292491 | SMILES: O=C1C=C(NC2=CC=C(Cl)C=C2)C(=O)C2=C1N=C(C1=CC=CC=N1)N2 | Attribution: 0.262 | Prediction: 0.874 | MW: 350.8 | LogP: 3.50,,
111,240322,CN1N=NN=C1CSC1=CC=CC=C1,5,5,0,0,0,0.2865,0.3108,100.00,5,5,100.0,0.268,0.311,HIGHEST ATTR (ACTIVE): CHEMBL4100437 | SMILES: ClC1=NC2=CC=CC=C2C=C1CN1N=NN=C1CSC1=CC=CC=C1 | Attribution: 0.311 | Prediction: 0.984 | MW: 367.9 | LogP: 4.22,LOWEST ATTR (ACTIVE): CHEMBL4067140 | SMILES: CC1=CC=C2N=C(Cl)C(CN3N=NN=C3CSC3=CC=CC=C3)=CC2=C1 | Attribution: 0.268 | Prediction: 0.986 | MW: 381.9 | LogP: 4.52,,
112,233036,CN1N=NC(CC2=CC=CC=C2)=N1,5,5,0,0,0,0.2843,0.3308,100.00,5,5,100.0,0.254,0.331,HIGHEST ATTR (ACTIVE): CHEMBL4099172 | SMILES: ClC1=NC2=CC=CC=C2C=C1CN1N=NC(CC2=CC=CC=C2)=N1 | Attribution: 0.331 | Prediction: 0.987 | MW: 335.8 | LogP: 3.51,LOWEST ATTR (ACTIVE): CHEMBL4069504 | SMILES: FC1=CC=C2N=C(Cl)C(CN3N=NC(CC4=CC=CC=C4)=N3)=CC2=C1 | Attribution: 0.254 | Prediction: 0.990 | MW: 353.8 | LogP: 3.65,,
113,232096,[O-][S+],5,5,0,0,0,0.2834,0.3121,100.00,5,5,100.0,0.257,0.312,HIGHEST ATTR (ACTIVE): CHEMBL154509 | SMILES: CN(C)C1=CC=C(CN2SC3=CC=CC=C3[S+]2[O-])C=C1 | Attribution: 0.312 | Prediction: 0.968 | MW: 304.4 | LogP: 3.30,LOWEST ATTR (ACTIVE): CHEMBL154378 | SMILES: COCC(CC1=CC=CC=C1)N1SC2=CC=CC=C2[S+]1[O-] | Attribution: 0.257 | Prediction: 0.878 | MW: 319.5 | LogP: 3.29,,
114,235405,CC(C)OC(=O)[C@H](CN1C=CN=C1)NC(=O)C1=NOC=C1,5,5,0,0,0,0.2825,0.3043,100.00,5,5,100.0,0.252,0.304,HIGHEST ATTR (ACTIVE): CHEMBL4128120 | SMILES: CC(C)OC(=O)[C@H](CN1C=CN=C1)NC(=O)C1=NOC(C2=CC=CC=C2)=C1 | Attribution: 0.304 | Prediction: 0.965 | MW: 368.4 | LogP: 2.29,LOWEST ATTR (ACTIVE): CHEMBL4126705 | SMILES: CC(C)OC(=O)[C@H](CN1C=CN=C1)NC(=O)C1=NOC(C2=CC=C(Br)C=C2)=C1 | Attribution: 0.252 | Prediction: 0.975 | MW: 447.3 | LogP: 3.05,,
115,235172,COC(C1=CC2=CC=C(Br)C=C2S1)=N,5,5,0,0,0,0.2761,0.2979,100.00,5,5,100.0,0.264,0.298,HIGHEST ATTR (ACTIVE): CHEMBL5075829 | SMILES: FC1=CC=C(C2(CN3C=NC=N3)COC(C3=CC4=CC=C(Br)C=C4S3)=N2)C(F)=C1 | Attribution: 0.298 | Prediction: 0.914 | MW: 475.3 | LogP: 4.91,LOWEST ATTR (ACTIVE): CHEMBL5091363 | SMILES: ClC1=CC=CC(C2(CN3C=NC=N3)COC(C3=CC4=CC=C(Br)C=C4S3)=N2)=C1 | Attribution: 0.264 | Prediction: 0.831 | MW: 473.8 | LogP: 5.28,,
116,232057,O=CC=C(NC1=CC=C(F)C=C1)C=O,5,5,0,0,0,0.2731,0.3166,100.00,5,5,100.0,0.229,0.317,HIGHEST ATTR (ACTIVE): CHEMBL3706791 | SMILES: CC1=NC2=C([Se]1)C(=O)C=C(NC1=CC=C(F)C=C1)C2=O | Attribution: 0.317 | Prediction: 0.983 | MW: 335.2 | LogP: 1.96,LOWEST ATTR (ACTIVE): CHEMBL393683 | SMILES: O=C1C=C(NC2=CC=C(F)C=C2)C(=O)C2=CN=NC=C12 | Attribution: 0.229 | Prediction: 0.974 | MW: 269.2 | LogP: 1.99,,
117,235975,FC1=CC=C(C2(CN3C=NC=N3)COC=N2)C=C1,5,5,0,0,0,0.2620,0.3094,100.00,5,5,100.0,0.211,0.309,HIGHEST ATTR (ACTIVE): CHEMBL5076927 | SMILES: FC1=CC=C(C2(CN3C=NC=N3)COC(C3=CC4=CC=C(Cl)C=C4S3)=N2)C=C1 | Attribution: 0.309 | Prediction: 0.840 | MW: 412.9 | LogP: 4.66,LOWEST ATTR (ACTIVE): CHEMBL4877100 | SMILES: FC1=CC=C(C2(CN3C=NC=N3)COC(C3=CC=C(C4=CC=CC(F)=C4)C=C3)=N2)C=C1 | Attribution: 0.211 | Prediction: 0.662 | MW: 416.4 | LogP: 4.60,,
118,228947,N-C(COC1=CC=CC=C1)-N,5,5,0,0,0,0.2576,0.2821,100.00,5,5,100.0,0.243,0.282,HIGHEST ATTR (ACTIVE): CHEMBL232268 | SMILES: COC(=O)C1=CC=C2NC(COC3=CC=CC=C3)=NC2=C1 | Attribution: 0.282 | Prediction: 0.967 | MW: 282.3 | LogP: 2.93,LOWEST ATTR (ACTIVE): CHEMBL232714 | SMILES: ClC1=CC=C2NC(COC3=CC=CC=C3)=NC2=C1 | Attribution: 0.243 | Prediction: 0.986 | MW: 258.7 | LogP: 3.80,,
119,235157,CCN(CC)CCC(C)CO,5,5,0,0,0,0.2425,0.3808,100.00,5,5,100.0,0.150,0.381,HIGHEST ATTR (ACTIVE): CHEMBL2314396 | SMILES: CCN(CC)CCC(C)COC1=C(Cl)C=C(Cl)C2=CC=C(C)N=C12 | Attribution: 0.381 | Prediction: 0.655 | MW: 369.3 | LogP: 5.60,LOWEST ATTR (ACTIVE): CHEMBL2314399 | SMILES: CCN(CC)CCC(C)COC1=C(Br)C=C(Br)C2=CC=CN=C12 | Attribution: 0.150 | Prediction: 0.939 | MW: 444.2 | LogP: 5.51,,
120,232499,O=CC=C(NC1=CC=C(I)C=C1)C=O,5,5,0,0,0,0.2267,0.2757,100.00,5,5,100.0,0.197,0.276,HIGHEST ATTR (ACTIVE): CHEMBL3706798 | SMILES: CC1=NC2=C([Se]1)C(=O)C=C(NC1=CC=C(I)C=C1)C2=O | Attribution: 0.276 | Prediction: 0.990 | MW: 443.1 | LogP: 2.43,LOWEST ATTR (ACTIVE): CHEMBL2348707 | SMILES: COC(=O)C1=C(C)N=C(C)C2=C1C(=O)C=C(NC1=CC=C(I)C=C1)C2=O | Attribution: 0.197 | Prediction: 0.951 | MW: 462.2 | LogP: 3.46,,
121,228011,C-C(C1=NC(CN2C=NC=N2)(C2=CC=CC=C2)CO1)-S,5,5,0,0,0,0.2232,0.2633,100.00,5,5,100.0,0.195,0.263,HIGHEST ATTR (ACTIVE): CHEMBL5085442 | SMILES: FC1=CC=C2C=C(C3=NC(CN4C=NC=N4)(C4=CC=CC=C4)CO3)SC2=C1 | Attribution: 0.263 | Prediction: 0.832 | MW: 378.4 | LogP: 4.00,LOWEST ATTR (ACTIVE): CHEMBL5089418 | SMILES: C1=CC=C(C2(CN3C=NC=N3)COC(C3=CC4=CC=CC=C4S3)=N2)C=C1 | Attribution: 0.195 | Prediction: 0.624 | MW: 360.4 | LogP: 3.87,,
122,240102,CN1N=NC(CSC2=CC=CC=C2)=N1,5,5,0,0,0,0.2166,0.2506,100.00,5,5,100.0,0.197,0.251,HIGHEST ATTR (ACTIVE): CHEMBL4096731 | SMILES: ClC1=NC2=CC=CC=C2C=C1CN1N=NC(CSC2=CC=CC=C2)=N1 | Attribution: 0.251 | Prediction: 0.988 | MW: 367.9 | LogP: 4.22,LOWEST ATTR (ACTIVE): CHEMBL4081468 | SMILES: FC1=CC=C2N=C(Cl)C(CN3N=NC(CSC4=CC=CC=C4)=N3)=CC2=C1 | Attribution: 0.197 | Prediction: 0.991 | MW: 385.9 | LogP: 4.35,,
123,236229,CC(=O)C1=CC=C(Cl)C=C1O,5,5,0,0,0,0.2162,0.3481,100.00,4,5,80.0,0.097,0.348,HIGHEST ATTR (ACTIVE): CHEMBL270194 | SMILES: O=C(CN1C=[N+](CC(=O)C2=CC=C(Cl)C=C2O)C=N1)C1=CC=C(Cl)C=C1O | Attribution: 0.348 | Prediction: 0.948 | MW: 407.2 | LogP: 2.65,LOWEST ATTR (ACTIVE): CHEMBL255813 | SMILES: O=C(CN1C=NC=N1)C1=CC=C(Cl)C=C1O | Attribution: 0.097 | Prediction: 0.706 | MW: 237.6 | LogP: 1.52,,
124,233488,O=C1OC2=CC=CC=C2C=C1CO,7,5,2,0,0,0.2026,0.3808,71.43,5,7,71.4,-0.163,0.381,HIGHEST ATTR (ACTIVE): CHEMBL5418561 | SMILES: O=C1OC2=CC=CC=C2C=C1COC(CN1C=CN=C1)C1=CC=C(F)C=C1 | Attribution: 0.381 | Prediction: 0.846 | MW: 364.4 | LogP: 4.09,LOWEST ATTR (INACTIVE): CHEMBL5422371 | SMILES: O=C1OC2=CC=CC=C2C=C1COC(CN1C=CN=N1)C1=CC=C(Cl)C=C1Cl | Attribution: -0.163 | Prediction: 0.139 | MW: 416.3 | LogP: 4.65,,
125,242433,CCCC(NC)C(=O)NCC,5,5,0,0,0,0.1957,0.2949,100.00,4,5,80.0,0.083,0.295,HIGHEST ATTR (ACTIVE): CHEMBL5087412 | SMILES: CCCC(NC)C(=O)NCCC1=CC=C(C2=CC=C(C(F)(F)F)C=C2)C=C1 | Attribution: 0.295 | Prediction: 0.979 | MW: 378.4 | LogP: 4.42,LOWEST ATTR (ACTIVE): CHEMBL5091820 | SMILES: CCCC(NC)C(=O)NCCC1=CC=C(OCC2=CC=C(Cl)C(Cl)=C2)C=C1 | Attribution: 0.083 | Prediction: 0.979 | MW: 409.4 | LogP: 4.62,,
126,229474,C-C(CN1N=NN=C1CC1=CC=CC=C1)-C(Cl)-N,5,5,0,0,0,0.1836,0.2072,100.00,5,5,100.0,0.158,0.207,HIGHEST ATTR (ACTIVE): CHEMBL4082426 | SMILES: FC1=CC=C2N=C(Cl)C(CN3N=NN=C3CC3=CC=CC=C3)=CC2=C1 | Attribution: 0.207 | Prediction: 0.988 | MW: 353.8 | LogP: 3.65,LOWEST ATTR (ACTIVE): CHEMBL4062260 | SMILES: ClC1=NC2=CC=C(Br)C=C2C=C1CN1N=NN=C1CC1=CC=CC=C1 | Attribution: 0.158 | Prediction: 0.986 | MW: 414.7 | LogP: 4.28,,
127,235626,FC1=CC=C(S)C=C1F,6,5,1,0,0,0.1747,0.3258,83.33,5,6,83.3,-0.036,0.326,HIGHEST ATTR (ACTIVE): CHEMBL1935240 | SMILES: O=C1C(SC2=CC=C(F)C(F)=C2)=C(SC2=CC=C(F)C(F)=C2)C(=O)C2=NC=NC=C12 | Attribution: 0.326 | Prediction: 0.915 | MW: 448.4 | LogP: 5.21,LOWEST ATTR (INACTIVE): CHEMBL234504 | SMILES: O=C1C(SC2=CC=C(F)C(F)=C2)=C(SC2=CC=C(F)C(F)=C2)C(=O)C2=C1C=CN2 | Attribution: -0.036 | Prediction: 0.505 | MW: 435.4 | LogP: 5.75,,
128,231125,CC1=CC(O)=C(C2=NOCC2)C(C)=C1Cl,5,5,0,0,0,0.1568,0.1734,100.00,5,5,100.0,0.144,0.173,HIGHEST ATTR (ACTIVE): CHEMBL3417181 | SMILES: COC1=CC=C(C2CC(C3=C(O)C=C(C)C(Cl)=C3C)=NO2)C=C1OC | Attribution: 0.173 | Prediction: 0.916 | MW: 361.8 | LogP: 4.55,LOWEST ATTR (ACTIVE): CHEMBL3417179 | SMILES: CC1=CC(O)=C(C2=NOC(C3=CC=C(Cl)C=C3)C2)C(C)=C1Cl | Attribution: 0.144 | Prediction: 0.918 | MW: 336.2 | LogP: 5.18,,
129,229253,O=CC(Cl)=C(NC1=CC=C(I)C=C1)C=O,5,5,0,0,0,0.1344,0.1960,100.00,4,5,80.0,0.039,0.196,HIGHEST ATTR (ACTIVE): CHEMBL436480 | SMILES: COC(=O)C1=CC2=C(S1)C(=O)C(Cl)=C(NC1=CC=C(I)C=C1)C2=O | Attribution: 0.196 | Prediction: 0.960 | MW: 473.7 | LogP: 4.08,LOWEST ATTR (ACTIVE): CHEMBL64373 | SMILES: O=C1C(Cl)=C(NC2=CC=C(I)C=C2)C(=O)C2=C1N=C(C1=CC=CC=N1)N2 | Attribution: 0.039 | Prediction: 0.872 | MW: 476.7 | LogP: 4.02,,
130,233035,C-C(CN1N=NC(CC2=CC=CC=C2)=N1)-C(Cl)-N,5,5,0,0,0,0.1173,0.1335,100.00,4,5,80.0,0.096,0.134,HIGHEST ATTR (ACTIVE): CHEMBL4069504 | SMILES: FC1=CC=C2N=C(Cl)C(CN3N=NC(CC4=CC=CC=C4)=N3)=CC2=C1 | Attribution: 0.134 | Prediction: 0.990 | MW: 353.8 | LogP: 3.65,LOWEST ATTR (ACTIVE): CHEMBL4104451 | SMILES: ClC1=NC2=CC=C(Br)C=C2C=C1CN1N=NC(CC2=CC=CC=C2)=N1 | Attribution: 0.096 | Prediction: 0.989 | MW: 414.7 | LogP: 4.28,,
131,159504,O=C(NC1=CC=C2OC=NC2=C1)C1=CC2=CC=CC=C2O1,5,5,0,0,0,0.1147,0.1444,100.00,4,5,80.0,0.079,0.144,HIGHEST ATTR (ACTIVE): CHEMBL515329 | SMILES: O=C(NC1=CC=C2OC(C3=CC=CC=C3Br)=NC2=C1)C1=CC2=CC=CC=C2O1 | Attribution: 0.144 | Prediction: 0.932 | MW: 433.3 | LogP: 6.26,LOWEST ATTR (ACTIVE): CHEMBL478063 | SMILES: O=C(NC1=CC=C2OC(C3=CC=CC=C3)=NC2=C1)C1=CC2=CC=CC=C2O1 | Attribution: 0.079 | Prediction: 0.861 | MW: 354.4 | LogP: 5.49,,
132,230957,CCN1CCN(CC2=CC=CC=C2)CC1,5,5,0,0,0,0.1096,0.1491,100.00,2,5,40.0,0.076,0.149,HIGHEST ATTR (ACTIVE): CHEMBL4441191 | SMILES: CC(N1N=NN=C1CCN1CCN(CC2=CC=CC=C2)CC1)C(O)(CN1C=NC=N1)C1=CC=C(F)C=C1F | Attribution: 0.149 | Prediction: 0.988 | MW: 523.6 | LogP: 2.05,LOWEST ATTR (ACTIVE): CHEMBL4590191 | SMILES: OC(CN1C=NC=N1)(CN1N=NC(CCN2CCN(CC3=CC=CC=C3)CC2)=N1)C1=CC=C(F)C=C1F | Attribution: 0.076 | Prediction: 0.997 | MW: 509.6 | LogP: 1.49,,
133,240321,C-C(CN1N=NN=C1CSC1=CC=CC=C1)-C(Cl)-N,5,5,0,0,0,0.1073,0.1387,100.00,3,5,60.0,0.090,0.139,HIGHEST ATTR (ACTIVE): CHEMBL4086180 | SMILES: FC1=CC=C2N=C(Cl)C(CN3N=NN=C3CSC3=CC=CC=C3)=CC2=C1 | Attribution: 0.139 | Prediction: 0.989 | MW: 385.9 | LogP: 4.35,LOWEST ATTR (ACTIVE): CHEMBL4067140 | SMILES: CC1=CC=C2N=C(Cl)C(CN3N=NN=C3CSC3=CC=CC=C3)=CC2=C1 | Attribution: 0.090 | Prediction: 0.986 | MW: 381.9 | LogP: 4.52,,
134,229094,ClC1=CC=C(OCCCN2C=CN=C2)C(Cl)=C1,5,5,0,0,0,0.1031,0.1249,100.00,4,5,80.0,0.054,0.125,HIGHEST ATTR (ACTIVE): CHEMBL188419 | SMILES: FC1=CC=C(C(CCN2C=CN=C2)OC2=CC=C(Cl)C=C2Cl)C=C1 | Attribution: 0.125 | Prediction: 0.956 | MW: 365.2 | LogP: 5.54,LOWEST ATTR (ACTIVE): CHEMBL471132 | SMILES: ClC1=CC=C(OC(CCN2C=CN=C2)C2=CC=C(Cl)C=C2Cl)C(Cl)=C1 | Attribution: 0.054 | Prediction: 0.945 | MW: 416.1 | LogP: 6.71,,
