"rank","fragment_id","fragment_smiles","total_compounds","tp_count","tn_count","fp_count","fn_count","avg_attribution","min_attribution","inactivity_rate_percent","negative_appearances","total_appearances","negative_consistency_percent","min_attribution_ever","max_attribution_ever","lowest_attribution_example","highest_attribution_example","active_negative_attribution_example","inactive_positive_attribution_example"
1,205035,C1OCC(C2=CC=CC=C2)=C1CNCC1=CC=CC=C1,25,0,25,0,0,-0.6996,-0.7325,100.00,25,25,100.0,-0.732,-0.650,LOWEST ATTR (INACTIVE): CHEMBL5417218 | SMILES: C=C1OC(=O)C(CNC(=O)C2=CC=C(C)C=C2)=C1C1=CC=CC=C1Br | Attribution: -0.732 | Prediction: 0.003 | MW: 398.3 | LogP: 4.01,HIGHEST ATTR (INACTIVE): CHEMBL5436834 | SMILES: C=C1OC(=O)C(CNC(=O)C2=CC=C(C)C=C2)=C1C1=CC=C(C2=CC=CC=C2)C=C1 | Attribution: -0.650 | Prediction: 0.004 | MW: 395.5 | LogP: 4.92,,
2,205039,C1CCCC2=C1C(C1=CC=CC=C1)C1=C(CCCC1)O2,25,0,25,0,0,-0.6838,-0.7300,100.00,25,25,100.0,-0.730,-0.361,LOWEST ATTR (INACTIVE): CHEMBL5396914 | SMILES: O=C1CCCC2=C1C(C1=CC=CC(O)=C1)C1=C(CCCC1=O)O2 | Attribution: -0.730 | Prediction: 0.007 | MW: 310.3 | LogP: 3.52,HIGHEST ATTR (INACTIVE): CHEMBL5436498 | SMILES: CC1(C)CC(=O)C2=C(C1)OC1=C(C(=O)CC(C)(C)C1)C2C1=CC=C(C#N)C=C1 | Attribution: -0.361 | Prediction: 0.019 | MW: 375.5 | LogP: 4.96,,
3,205582,C1CS/C(=N/C2=NC3=CC=CC=C3O2)N1,25,0,25,0,0,-0.4018,-0.7616,100.00,24,25,96.0,-0.762,0.057,LOWEST ATTR (INACTIVE): CHEMBL5418027 | SMILES: COC1=CC=C(/C=C2\S/C(=N/C3=NC4=CC=CC=C4O3)NC2=O)C=C1O | Attribution: -0.762 | Prediction: 0.044 | MW: 367.4 | LogP: 3.43,HIGHEST ATTR (INACTIVE): CHEMBL5438887 | SMILES: O=C1N/C(=N\C2=NC3=CC=CC=C3O2)S/C1=C\C1=CC=CC([N+](=O)[O-])=C1 | Attribution: 0.057 | Prediction: 0.022 | MW: 366.4 | LogP: 3.63,,INACTIVE w/ POS ATTR: CHEMBL5438887 | SMILES: O=C1N/C(=N\C2=NC3=CC=CC=C3O2)S/C1=C\C1=CC=CC([N+](=O)[O-])=C1 | Attribution: 0.057 | Prediction: 0.022 | MW: 366.4
4,205580,C1CS/C(=N/C2=NC=CO2)N1,25,0,25,0,0,-0.2720,-0.6952,100.00,18,25,72.0,-0.695,0.159,LOWEST ATTR (INACTIVE): CHEMBL5418027 | SMILES: COC1=CC=C(/C=C2\S/C(=N/C3=NC4=CC=CC=C4O3)NC2=O)C=C1O | Attribution: -0.695 | Prediction: 0.044 | MW: 367.4 | LogP: 3.43,HIGHEST ATTR (INACTIVE): CHEMBL5438887 | SMILES: O=C1N/C(=N\C2=NC3=CC=CC=C3O2)S/C1=C\C1=CC=CC([N+](=O)[O-])=C1 | Attribution: 0.159 | Prediction: 0.022 | MW: 366.4 | LogP: 3.63,,INACTIVE w/ POS ATTR: CHEMBL5438887 | SMILES: O=C1N/C(=N\C2=NC3=CC=CC=C3O2)S/C1=C\C1=CC=CC([N+](=O)[O-])=C1 | Attribution: 0.159 | Prediction: 0.022 | MW: 366.4
5,205856,C(CSC1=NC2=CC=CC=C2CN1)O[C@@H]1CCCCC2CCC[C@H]2C1,22,0,22,0,0,-0.5505,-0.6973,100.00,22,22,100.0,-0.697,-0.424,LOWEST ATTR (INACTIVE): CHEMBL5432294 | SMILES: C=C[C@]1(C)C[C@@H](OC(=O)CSC2=NC3=CC=CC([N+](=O)[O-])=C3C(=O)N2)[C@]2(C)[C@H](C)CC[C@]3(CCC(=O)[C@H]32)[C@@H](C)[C@@H]1O | Attribution: -0.697 | Prediction: 0.100 | MW: 583.7 | LogP: 4.83,HIGHEST ATTR (INACTIVE): CHEMBL5425109 | SMILES: C=C[C@]1(C)C[C@@H](OC(=O)CSC2=NC3=CC=CC=C3C(=O)N2CC)[C@]2(C)[C@H](C)CC[C@]3(CCC(=O)[C@H]32)[C@@H](C)[C@@H]1O | Attribution: -0.424 | Prediction: 0.248 | MW: 566.8 | LogP: 5.42,,
6,205858,C(CSC1=NC2=CC=CC=C2CN1)O[C@@H]1CCCC[C@]23CCC[C@H]2C1CCC3,22,0,22,0,0,-0.5067,-0.6800,100.00,22,22,100.0,-0.680,-0.349,LOWEST ATTR (INACTIVE): CHEMBL5432294 | SMILES: C=C[C@]1(C)C[C@@H](OC(=O)CSC2=NC3=CC=CC([N+](=O)[O-])=C3C(=O)N2)[C@]2(C)[C@H](C)CC[C@]3(CCC(=O)[C@H]32)[C@@H](C)[C@@H]1O | Attribution: -0.680 | Prediction: 0.100 | MW: 583.7 | LogP: 4.83,HIGHEST ATTR (INACTIVE): CHEMBL5425109 | SMILES: C=C[C@]1(C)C[C@@H](OC(=O)CSC2=NC3=CC=CC=C3C(=O)N2CC)[C@]2(C)[C@H](C)CC[C@]3(CCC(=O)[C@H]32)[C@@H](C)[C@@H]1O | Attribution: -0.349 | Prediction: 0.248 | MW: 566.8 | LogP: 5.42,,
7,205852,C(CSC1=NC2=CC=CC=C2CN1)O[C@@H]1CCCCCCC1,22,0,22,0,0,-0.4370,-0.6080,100.00,22,22,100.0,-0.608,-0.218,LOWEST ATTR (INACTIVE): CHEMBL5432294 | SMILES: C=C[C@]1(C)C[C@@H](OC(=O)CSC2=NC3=CC=CC([N+](=O)[O-])=C3C(=O)N2)[C@]2(C)[C@H](C)CC[C@]3(CCC(=O)[C@H]32)[C@@H](C)[C@@H]1O | Attribution: -0.608 | Prediction: 0.100 | MW: 583.7 | LogP: 4.83,HIGHEST ATTR (INACTIVE): CHEMBL5425109 | SMILES: C=C[C@]1(C)C[C@@H](OC(=O)CSC2=NC3=CC=CC=C3C(=O)N2CC)[C@]2(C)[C@H](C)CC[C@]3(CCC(=O)[C@H]32)[C@@H](C)[C@@H]1O | Attribution: -0.218 | Prediction: 0.248 | MW: 566.8 | LogP: 5.42,,
8,205855,C(CSC1=NC2=CC=CC=C2CN1)O[C@@H]1CCCCC2CCCC1C2,22,0,22,0,0,-0.3858,-0.5832,100.00,22,22,100.0,-0.583,-0.131,LOWEST ATTR (INACTIVE): CHEMBL5432294 | SMILES: C=C[C@]1(C)C[C@@H](OC(=O)CSC2=NC3=CC=CC([N+](=O)[O-])=C3C(=O)N2)[C@]2(C)[C@H](C)CC[C@]3(CCC(=O)[C@H]32)[C@@H](C)[C@@H]1O | Attribution: -0.583 | Prediction: 0.100 | MW: 583.7 | LogP: 4.83,HIGHEST ATTR (INACTIVE): CHEMBL5425109 | SMILES: C=C[C@]1(C)C[C@@H](OC(=O)CSC2=NC3=CC=CC=C3C(=O)N2CC)[C@]2(C)[C@H](C)CC[C@]3(CCC(=O)[C@H]32)[C@@H](C)[C@@H]1O | Attribution: -0.131 | Prediction: 0.248 | MW: 566.8 | LogP: 5.42,,
9,205854,C(CSC1=NC2=CC=CC=C2CN1)OCC[C@@H]1CCCC1,22,0,22,0,0,-0.3050,-0.6129,100.00,19,22,86.4,-0.613,0.544,LOWEST ATTR (INACTIVE): CHEMBL5422538 | SMILES: C=C[C@]1(C)C[C@@H](OC(=O)CSC2=NC3=CC(Cl)=CC=C3C(=O)N2)[C@]2(C)[C@H](C)CC[C@]3(CCC(=O)[C@H]32)[C@@H](C)[C@@H]1O | Attribution: -0.613 | Prediction: 0.079 | MW: 573.2 | LogP: 5.58,HIGHEST ATTR (INACTIVE): CHEMBL5402767 | SMILES: C=C[C@]1(C)C[C@@H](OC(=O)CSC2=NC3=CC=CC=C3C(=O)N2C2CCCCC2)[C@]2(C)[C@H](C)CC[C@]3(CCC(=O)[C@H]32)[C@@H](C)[C@@H]1O | Attribution: 0.544 | Prediction: 0.245 | MW: 620.9 | LogP: 6.90,,INACTIVE w/ POS ATTR: CHEMBL5402767 | SMILES: C=C[C@]1(C)C[C@@H](OC(=O)CSC2=NC3=CC=CC=C3C(=O)N2C2CCCCC2)[C@]2(C)[C@H](C)CC[C@]3(CCC(=O)[C@H]32)[C@@H](C)[C@@H]1O | Attribution: 0.544 | Prediction: 0.245 | MW: 620.9
10,205857,C(CSC1=NC2=CC=CC=C2CN1)OCC1CCCC2CCC[C@H]21,22,0,22,0,0,-0.1920,-0.5387,100.00,18,22,81.8,-0.539,0.642,LOWEST ATTR (INACTIVE): CHEMBL5422538 | SMILES: C=C[C@]1(C)C[C@@H](OC(=O)CSC2=NC3=CC(Cl)=CC=C3C(=O)N2)[C@]2(C)[C@H](C)CC[C@]3(CCC(=O)[C@H]32)[C@@H](C)[C@@H]1O | Attribution: -0.539 | Prediction: 0.079 | MW: 573.2 | LogP: 5.58,HIGHEST ATTR (INACTIVE): CHEMBL5402767 | SMILES: C=C[C@]1(C)C[C@@H](OC(=O)CSC2=NC3=CC=CC=C3C(=O)N2C2CCCCC2)[C@]2(C)[C@H](C)CC[C@]3(CCC(=O)[C@H]32)[C@@H](C)[C@@H]1O | Attribution: 0.642 | Prediction: 0.245 | MW: 620.9 | LogP: 6.90,,INACTIVE w/ POS ATTR: CHEMBL5402767 | SMILES: C=C[C@]1(C)C[C@@H](OC(=O)CSC2=NC3=CC=CC=C3C(=O)N2C2CCCCC2)[C@]2(C)[C@H](C)CC[C@]3(CCC(=O)[C@H]32)[C@@H](C)[C@@H]1O | Attribution: 0.642 | Prediction: 0.245 | MW: 620.9
11,207373,C(=C/C1=CC=CC=C1)/S\C=N\C1=NC2=CC=CC=C2O1,21,0,21,0,0,-0.7540,-0.7616,100.00,21,21,100.0,-0.762,-0.682,LOWEST ATTR (INACTIVE): CHEMBL5440286 | SMILES: O=C1N/C(=N\C2=NC3=CC=CC=C3O2)S/C1=C\C1=CC=CC=C1Cl | Attribution: -0.762 | Prediction: 0.022 | MW: 355.8 | LogP: 4.37,HIGHEST ATTR (INACTIVE): CHEMBL5418027 | SMILES: COC1=CC=C(/C=C2\S/C(=N/C3=NC4=CC=CC=C4O3)NC2=O)C=C1O | Attribution: -0.682 | Prediction: 0.044 | MW: 367.4 | LogP: 3.43,,
12,207374,C1N/C(=N\C2=NC3=CC=CC=C3O2)S/C1=C\C1=CC=CC=C1,21,0,21,0,0,-0.6877,-0.7466,100.00,21,21,100.0,-0.747,-0.603,LOWEST ATTR (INACTIVE): CHEMBL5417705 | SMILES: O=C1N/C(=N\C2=NC3=CC=CC=C3O2)S/C1=C\C1=CC(Cl)=CC=C1O | Attribution: -0.747 | Prediction: 0.029 | MW: 371.8 | LogP: 4.08,HIGHEST ATTR (INACTIVE): CHEMBL5418027 | SMILES: COC1=CC=C(/C=C2\S/C(=N/C3=NC4=CC=CC=C4O3)NC2=O)C=C1O | Attribution: -0.603 | Prediction: 0.044 | MW: 367.4 | LogP: 3.43,,
13,207371,C(=C/C1=CC=CC=C1)/S\C=N\C1=NC=CO1,21,0,21,0,0,-0.6631,-0.7067,100.00,21,21,100.0,-0.707,-0.587,LOWEST ATTR (INACTIVE): CHEMBL5440286 | SMILES: O=C1N/C(=N\C2=NC3=CC=CC=C3O2)S/C1=C\C1=CC=CC=C1Cl | Attribution: -0.707 | Prediction: 0.022 | MW: 355.8 | LogP: 4.37,HIGHEST ATTR (INACTIVE): CHEMBL5418027 | SMILES: COC1=CC=C(/C=C2\S/C(=N/C3=NC4=CC=CC=C4O3)NC2=O)C=C1O | Attribution: -0.587 | Prediction: 0.044 | MW: 367.4 | LogP: 3.43,,
14,207372,C1N/C(=N\C2=NC=CO2)S/C1=C\C1=CC=CC=C1,21,0,21,0,0,-0.5594,-0.6735,100.00,21,21,100.0,-0.674,-0.415,LOWEST ATTR (INACTIVE): CHEMBL5417705 | SMILES: O=C1N/C(=N\C2=NC3=CC=CC=C3O2)S/C1=C\C1=CC(Cl)=CC=C1O | Attribution: -0.674 | Prediction: 0.029 | MW: 371.8 | LogP: 4.08,HIGHEST ATTR (INACTIVE): CHEMBL5433250 | SMILES: CN(C)C1=CC=C(/C=C2\S/C(=N/C3=NC4=CC=CC=C4O3)NC2=O)C=C1 | Attribution: -0.415 | Prediction: 0.036 | MW: 364.4 | LogP: 3.79,,
15,204883,C1=CCCC(C2=CC=CC=C2)=C1,23,2,21,0,0,-0.4696,-0.7005,91.30,21,23,91.3,-0.700,0.729,LOWEST ATTR (INACTIVE): CHEMBL498325 | SMILES: O=CC1=CC=C(C2=CC=CC=C2)CC1C1=CC=C([N+](=O)[O-])C=C1 | Attribution: -0.700 | Prediction: 0.002 | MW: 305.3 | LogP: 4.29,HIGHEST ATTR (ACTIVE): CHEMBL257766 | SMILES: CC1(C2=CC=CC=C2)CC(C2=CC=CC=C2)=CC(N)=C1C#N | Attribution: 0.729 | Prediction: 0.605 | MW: 286.4 | LogP: 4.17,,
16,103739,C1C=CC(CC2=CC=CC=C2)S1,17,0,17,0,0,-0.7453,-0.7616,100.00,17,17,100.0,-0.762,-0.626,LOWEST ATTR (INACTIVE): CHEMBL201711 | SMILES: CC1=C(O)C(C)(CC2=CC=CC(Cl)=C2)SC1=O | Attribution: -0.762 | Prediction: 0.041 | MW: 268.8 | LogP: 3.75,HIGHEST ATTR (INACTIVE): CHEMBL381559 | SMILES: CC1=C(O)C(C)(CC2=CC=C3C=CC=CC3=C2)SC1=O | Attribution: -0.626 | Prediction: 0.053 | MW: 284.4 | LogP: 4.25,,
17,207732,C1=CC=C2C(=C1)N=CN2CC1=NN=CS1,17,0,17,0,0,-0.6661,-0.7616,100.00,17,17,100.0,-0.762,-0.392,LOWEST ATTR (INACTIVE): CHEMBL565152 | SMILES: COC1=CC=C(C2C(Cl)C(=O)N2C2=NN=C(CN3C(C)=NC4=CC=CC=C43)S2)C=C1 | Attribution: -0.762 | Prediction: 0.065 | MW: 439.9 | LogP: 3.95,HIGHEST ATTR (INACTIVE): CHEMBL563877 | SMILES: CC1=NC2=CC=CC=C2N1CC1=NN=C(/N=C/C2=CC=CC=C2)S1 | Attribution: -0.392 | Prediction: 0.060 | MW: 333.4 | LogP: 4.00,,
18,207731,C1=CN(CC2=NN=CS2)C=N1,17,0,17,0,0,-0.4966,-0.6512,100.00,17,17,100.0,-0.651,-0.165,LOWEST ATTR (INACTIVE): CHEMBL552437 | SMILES: CC1=NC2=CC=CC=C2N1CC1=NN=C(N2C(=O)C(Cl)C2C2=CC=CC(O)=C2)S1 | Attribution: -0.651 | Prediction: 0.067 | MW: 425.9 | LogP: 3.65,HIGHEST ATTR (INACTIVE): CHEMBL563877 | SMILES: CC1=NC2=CC=CC=C2N1CC1=NN=C(/N=C/C2=CC=CC=C2)S1 | Attribution: -0.165 | Prediction: 0.060 | MW: 333.4 | LogP: 4.00,,
19,206756,C1CCCC=C1C(C1=CC=CC=C1)C1=CCCCC1,15,0,15,0,0,-0.7274,-0.7616,100.00,15,15,100.0,-0.762,-0.484,LOWEST ATTR (INACTIVE): CHEMBL5421124 | SMILES: CC1=CC=CC(C2C3=C(CCCC3=O)OC3=C2C(=O)CCC3)=C1 | Attribution: -0.762 | Prediction: 0.006 | MW: 308.4 | LogP: 4.12,HIGHEST ATTR (INACTIVE): CHEMBL5436498 | SMILES: CC1(C)CC(=O)C2=C(C1)OC1=C(C(=O)CC(C)(C)C1)C2C1=CC=C(C#N)C=C1 | Attribution: -0.484 | Prediction: 0.019 | MW: 375.5 | LogP: 4.96,,
20,204884,C1=CC(C2=CC=CC=C2)CC(C2=CC=CC=C2)=C1,17,2,15,0,0,-0.4811,-0.7616,88.24,15,17,88.2,-0.762,0.722,LOWEST ATTR (INACTIVE): CHEMBL498325 | SMILES: O=CC1=CC=C(C2=CC=CC=C2)CC1C1=CC=C([N+](=O)[O-])C=C1 | Attribution: -0.762 | Prediction: 0.002 | MW: 305.3 | LogP: 4.29,HIGHEST ATTR (ACTIVE): CHEMBL448106 | SMILES: CC1(C2=CC=C(F)C=C2)CC(C2=CC=C(F)C=C2)=CC(N)=C1C#N | Attribution: 0.722 | Prediction: 0.643 | MW: 322.4 | LogP: 4.45,,
21,210151,C(NC1=CC=CC=C1)C1=CC=C2NC3=C4CC=C[N+]4=CC=C3C2=C1,13,0,13,0,0,-0.5051,-0.6352,100.00,13,13,100.0,-0.635,-0.380,LOWEST ATTR (INACTIVE): CHEMBL5403475 | SMILES: CCCCCCCCC1=CC=C(NC(=O)C2=CC=C3NC4=C5C(=O)C6=CC=CC=C6[N+]5=CC=C4C3=C2)C=C1 | Attribution: -0.635 | Prediction: 0.040 | MW: 502.6 | LogP: 7.30,HIGHEST ATTR (INACTIVE): CHEMBL5412743 | SMILES: COC1=CC=CC=C1NC(=O)C1=CC=C2NC3=C4C(=O)C5=CC=CC=C5[N+]4=CC=C3C2=C1 | Attribution: -0.380 | Prediction: 0.030 | MW: 420.4 | LogP: 4.40,,
22,210152,C(NC1=CC=CC=C1)C1=CC=CC(=C1)C1=CC=[N+]2C=CCC2=C1,13,0,13,0,0,-0.4772,-0.6296,100.00,13,13,100.0,-0.630,-0.352,LOWEST ATTR (INACTIVE): CHEMBL5403475 | SMILES: CCCCCCCCC1=CC=C(NC(=O)C2=CC=C3NC4=C5C(=O)C6=CC=CC=C6[N+]5=CC=C4C3=C2)C=C1 | Attribution: -0.630 | Prediction: 0.040 | MW: 502.6 | LogP: 7.30,HIGHEST ATTR (INACTIVE): CHEMBL5412743 | SMILES: COC1=CC=CC=C1NC(=O)C1=CC=C2NC3=C4C(=O)C5=CC=CC=C5[N+]4=CC=C3C2=C1 | Attribution: -0.352 | Prediction: 0.030 | MW: 420.4 | LogP: 4.40,,
23,210153,C(NC1=CC=CC=C1)C1=CC=C2NC(=CC2=C1)C1=[N+]C=CC1,13,0,13,0,0,-0.4059,-0.5866,100.00,13,13,100.0,-0.587,-0.284,LOWEST ATTR (INACTIVE): CHEMBL5403475 | SMILES: CCCCCCCCC1=CC=C(NC(=O)C2=CC=C3NC4=C5C(=O)C6=CC=CC=C6[N+]5=CC=C4C3=C2)C=C1 | Attribution: -0.587 | Prediction: 0.040 | MW: 502.6 | LogP: 7.30,HIGHEST ATTR (INACTIVE): CHEMBL5412743 | SMILES: COC1=CC=CC=C1NC(=O)C1=CC=C2NC3=C4C(=O)C5=CC=CC=C5[N+]4=CC=C3C2=C1 | Attribution: -0.284 | Prediction: 0.030 | MW: 420.4 | LogP: 4.40,,
24,205525,C1=CC=C2C(C3CC3)=CC=NC2=C1,15,2,13,0,0,-0.3912,-0.7616,86.67,13,15,86.7,-0.762,0.625,LOWEST ATTR (INACTIVE): CHEMBL5085967 | SMILES: C[C@H](OC1=CC=C2N=CC(/C=C/C(=O)O)=C(C3CC3)C2=C1)C1=C(Cl)C=CN=C1Cl | Attribution: -0.762 | Prediction: 0.176 | MW: 429.3 | LogP: 6.05,HIGHEST ATTR (ACTIVE): CHEMBL5086588 | SMILES: C[C@H](OC1=CC=C2N=CC(/C=C/C3=NNN=N3)=C(C3CC3)C2=C1)C1=C(Cl)C=CC=C1Cl | Attribution: 0.625 | Prediction: 0.592 | MW: 452.3 | LogP: 6.24,,
25,209864,C(C1CC1)C1=CC(OCC2=CC=CC=C2)=CC=C1,16,3,13,0,0,-0.3791,-0.7616,81.25,13,16,81.3,-0.762,0.186,LOWEST ATTR (INACTIVE): CHEMBL5071391 | SMILES: C[C@H](OC1=CC=C2C(=C1)C(C1CC1)=C(/C=C/C(=O)O)C=[N+]2[O-])C1=C(Cl)C=CC(F)=C1Cl | Attribution: -0.762 | Prediction: 0.176 | MW: 462.3 | LogP: 6.03,HIGHEST ATTR (ACTIVE): CHEMBL5086588 | SMILES: C[C@H](OC1=CC=C2N=CC(/C=C/C3=NNN=N3)=C(C3CC3)C2=C1)C1=C(Cl)C=CC=C1Cl | Attribution: 0.186 | Prediction: 0.592 | MW: 452.3 | LogP: 6.24,ACTIVE w/ NEG ATTR: CHEMBL5089523 | SMILES: C[C@H](OC1=CC=C2C=CC(/C=C/C3=NNN=N3)=C(C3CC3)C2=C1)C1=C(Cl)C=CC=C1Cl | Attribution: -0.170 | Prediction: 0.503 | MW: 451.4,INACTIVE w/ POS ATTR: CHEMBL5076273 | SMILES: C[C@H](OC1=CC=C2N=CC(CCC(=O)O)=C(C3CC3)C2=C1)C1=C(Cl)C=CC(F)=C1Cl | Attribution: 0.078 | Prediction: 0.175 | MW: 448.3
26,210154,C(NC1=CC=CC=C1)C1=CC=C2NC3=C[N+]=CC=C3C2=C1,13,0,13,0,0,-0.3214,-0.5207,100.00,13,13,100.0,-0.521,-0.220,LOWEST ATTR (INACTIVE): CHEMBL5403475 | SMILES: CCCCCCCCC1=CC=C(NC(=O)C2=CC=C3NC4=C5C(=O)C6=CC=CC=C6[N+]5=CC=C4C3=C2)C=C1 | Attribution: -0.521 | Prediction: 0.040 | MW: 502.6 | LogP: 7.30,HIGHEST ATTR (INACTIVE): CHEMBL5422450 | SMILES: CC1=CC=C(NC(=O)C2=CC=C3NC4=C5C(=O)C6=CC=CC=C6[N+]5=CC=C4C3=C2)C=C1 | Attribution: -0.220 | Prediction: 0.030 | MW: 404.4 | LogP: 4.70,,
27,210155,C(NC1=CC=CC=C1)C1=CC=CC(=C1)C1=CC=[N+]C=C1,13,0,13,0,0,-0.3033,-0.5168,100.00,13,13,100.0,-0.517,-0.209,LOWEST ATTR (INACTIVE): CHEMBL5403475 | SMILES: CCCCCCCCC1=CC=C(NC(=O)C2=CC=C3NC4=C5C(=O)C6=CC=CC=C6[N+]5=CC=C4C3=C2)C=C1 | Attribution: -0.517 | Prediction: 0.040 | MW: 502.6 | LogP: 7.30,HIGHEST ATTR (INACTIVE): CHEMBL5422450 | SMILES: CC1=CC=C(NC(=O)C2=CC=C3NC4=C5C(=O)C6=CC=CC=C6[N+]5=CC=C4C3=C2)C=C1 | Attribution: -0.209 | Prediction: 0.030 | MW: 404.4 | LogP: 4.70,,
28,205522,C1=NC=CC(C2CC2)=C1,15,2,13,0,0,-0.1130,-0.5795,86.67,9,15,60.0,-0.580,0.721,LOWEST ATTR (INACTIVE): CHEMBL5085967 | SMILES: C[C@H](OC1=CC=C2N=CC(/C=C/C(=O)O)=C(C3CC3)C2=C1)C1=C(Cl)C=CN=C1Cl | Attribution: -0.580 | Prediction: 0.176 | MW: 429.3 | LogP: 6.05,HIGHEST ATTR (ACTIVE): CHEMBL5086588 | SMILES: C[C@H](OC1=CC=C2N=CC(/C=C/C3=NNN=N3)=C(C3CC3)C2=C1)C1=C(Cl)C=CC=C1Cl | Attribution: 0.721 | Prediction: 0.592 | MW: 452.3 | LogP: 6.24,,INACTIVE w/ POS ATTR: CHEMBL5076273 | SMILES: C[C@H](OC1=CC=C2N=CC(CCC(=O)O)=C(C3CC3)C2=C1)C1=C(Cl)C=CC(F)=C1Cl | Attribution: 0.099 | Prediction: 0.175 | MW: 448.3
29,206975,C1=CCCC(C2=CC=CS2)=C1,13,1,12,0,0,-0.5875,-0.7616,92.31,12,13,92.3,-0.762,0.696,LOWEST ATTR (INACTIVE): CHEMBL498299 | SMILES: CC1CC(C2=CC=CS2)=CC=C1C=O | Attribution: -0.762 | Prediction: 0.004 | MW: 204.3 | LogP: 3.30,HIGHEST ATTR (ACTIVE): CHEMBL402804 | SMILES: CC1(C2=CC=CS2)CC(C2=CC=CS2)=CC(N)=C1C#N | Attribution: 0.696 | Prediction: 0.630 | MW: 298.4 | LogP: 4.29,,
30,206826,C1C[C@H]2CCC2C1,12,0,12,0,0,-0.4197,-0.7139,100.00,9,12,75.0,-0.714,0.715,LOWEST ATTR (INACTIVE): CHEMBL3425782 | SMILES: C=C(C(O)/C=C/C(C)=O)[C@@H]1C[C@@H](O)[C@@]2(C)[C@@H]1[C@@H]1[C@H](C)CC[C@@H]12 | Attribution: -0.714 | Prediction: 0.055 | MW: 304.4 | LogP: 2.73,HIGHEST ATTR (INACTIVE): CHEMBL3425788 | SMILES: C=C(C(=O)/C=C/C(C)(O)COC(C)=O)[C@@H]1C[C@@H](OC(C)=O)[C@@]2(C)[C@@H]1[C@@H]1[C@H](C)CC[C@@H]12 | Attribution: 0.715 | Prediction: 0.145 | MW: 418.5 | LogP: 3.23,,INACTIVE w/ POS ATTR: CHEMBL3425788 | SMILES: C=C(C(=O)/C=C/C(C)(O)COC(C)=O)[C@@H]1C[C@@H](OC(C)=O)[C@@]2(C)[C@@H]1[C@@H]1[C@H](C)CC[C@@H]12 | Attribution: 0.715 | Prediction: 0.145 | MW: 418.5
31,206825,C1C[C@H]2[C@@H](C1)[C@@H]1CCCC21,12,0,12,0,0,-0.3218,-0.7187,100.00,9,12,75.0,-0.719,0.762,LOWEST ATTR (INACTIVE): CHEMBL3425782 | SMILES: C=C(C(O)/C=C/C(C)=O)[C@@H]1C[C@@H](O)[C@@]2(C)[C@@H]1[C@@H]1[C@H](C)CC[C@@H]12 | Attribution: -0.719 | Prediction: 0.055 | MW: 304.4 | LogP: 2.73,HIGHEST ATTR (INACTIVE): CHEMBL3425788 | SMILES: C=C(C(=O)/C=C/C(C)(O)COC(C)=O)[C@@H]1C[C@@H](OC(C)=O)[C@@]2(C)[C@@H]1[C@@H]1[C@H](C)CC[C@@H]12 | Attribution: 0.762 | Prediction: 0.145 | MW: 418.5 | LogP: 3.23,,INACTIVE w/ POS ATTR: CHEMBL3425788 | SMILES: C=C(C(=O)/C=C/C(C)(O)COC(C)=O)[C@@H]1C[C@@H](OC(C)=O)[C@@]2(C)[C@@H]1[C@@H]1[C@H](C)CC[C@@H]12 | Attribution: 0.762 | Prediction: 0.145 | MW: 418.5
32,205697,C1NC2=CC=CC=C2[C@]12CNC1(C2)C2=CC=CC=C2N2CC3=CC=CC=C3N=C21,11,0,11,0,0,-0.7318,-0.7616,100.00,11,11,100.0,-0.762,-0.516,LOWEST ATTR (INACTIVE): CHEMBL5420502 | SMILES: CCN1C(=O)[C@@]2(CN(C)C3(C4=CC=CC=C4N4C3=NC3=CC=CC=C3C4=O)C2(C#N)C#N)C2=CC=CC=C21 | Attribution: -0.762 | Prediction: 0.004 | MW: 498.5 | LogP: 3.23,HIGHEST ATTR (INACTIVE): CHEMBL5403304 | SMILES: CCN1C(=O)[C@]2(C3=CC=CC=C31)C(CC1=CC=CC=C1)NC1(C3=CC(Br)=CC=C3N3C1=NC1=CC=CC=C1C3=O)C2(C#N)C#N | Attribution: -0.516 | Prediction: 0.009 | MW: 653.5 | LogP: 5.26,,
33,208782,C(C1=CC=CC=C1)C1=CC=C(NC2=CC=CC=C2)C=C1,10,0,10,0,0,-0.7177,-0.7616,100.00,10,10,100.0,-0.762,-0.323,LOWEST ATTR (INACTIVE): CHEMBL4637523 | SMILES: CC1=CC=CC(NC2=CC=C(C(=O)C3=CC=CC=C3C(=O)O)C=C2[N+](=O)[O-])=C1 | Attribution: -0.762 | Prediction: 0.020 | MW: 376.4 | LogP: 4.58,HIGHEST ATTR (INACTIVE): CHEMBL4636403 | SMILES: O=C(O)C1=CC=CC=C1C(=O)C1=CC=C(NC2=CC=CC3=CC=CN=C23)C([N+](=O)[O-])=C1 | Attribution: -0.323 | Prediction: 0.071 | MW: 413.4 | LogP: 4.82,,
34,205701,C1NC=C[C@]12CNC1(C2)C2=CC=CC=C2N2CC3=CC=CC=C3N=C21,10,0,10,0,0,-0.7138,-0.7421,100.00,10,10,100.0,-0.742,-0.676,LOWEST ATTR (INACTIVE): CHEMBL5426712 | SMILES: CCN1C(=O)[C@@]2(CN(C)C3(C4=CC(Cl)=CC=C4N4C3=NC3=CC=CC=C3C4=O)C2(C#N)C#N)C2=CC=CC=C21 | Attribution: -0.742 | Prediction: 0.004 | MW: 533.0 | LogP: 3.88,HIGHEST ATTR (INACTIVE): CHEMBL5433084 | SMILES: CCN1C(=O)[C@@]2(CN(C)C3(C4=CC(I)=CC=C4N4C3=NC3=CC=C(Cl)C=C3C4=O)C2(C#N)C#N)C2=CC=CC=C21 | Attribution: -0.676 | Prediction: 0.009 | MW: 658.9 | LogP: 4.48,,
35,205702,C1NC2=CC=CC=C2[C@]12CNC1(C2)C2=CC=CC=C2N2CC=CN=C21,10,0,10,0,0,-0.6984,-0.7421,100.00,10,10,100.0,-0.742,-0.521,LOWEST ATTR (INACTIVE): CHEMBL5426712 | SMILES: CCN1C(=O)[C@@]2(CN(C)C3(C4=CC(Cl)=CC=C4N4C3=NC3=CC=CC=C3C4=O)C2(C#N)C#N)C2=CC=CC=C21 | Attribution: -0.742 | Prediction: 0.004 | MW: 533.0 | LogP: 3.88,HIGHEST ATTR (INACTIVE): CHEMBL5433084 | SMILES: CCN1C(=O)[C@@]2(CN(C)C3(C4=CC(I)=CC=C4N4C3=NC3=CC=C(Cl)C=C3C4=O)C2(C#N)C#N)C2=CC=CC=C21 | Attribution: -0.521 | Prediction: 0.009 | MW: 658.9 | LogP: 4.48,,
36,205699,C1=CC=C(C=C1)C1CNC2(C1)C1=CC=CC=C1N1CC3=CC=CC=C3N=C12,10,0,10,0,0,-0.6897,-0.7189,100.00,10,10,100.0,-0.719,-0.619,LOWEST ATTR (INACTIVE): CHEMBL5426712 | SMILES: CCN1C(=O)[C@@]2(CN(C)C3(C4=CC(Cl)=CC=C4N4C3=NC3=CC=CC=C3C4=O)C2(C#N)C#N)C2=CC=CC=C21 | Attribution: -0.719 | Prediction: 0.004 | MW: 533.0 | LogP: 3.88,HIGHEST ATTR (INACTIVE): CHEMBL5436059 | SMILES: CN1C(=O)[C@@]2(CN(C)C3(C4=CC=CC=C4N4C3=NC3=CC=CC=C3C4=O)C2(C#N)C#N)C2=CC=CC=C21 | Attribution: -0.619 | Prediction: 0.004 | MW: 484.5 | LogP: 2.84,,
37,207340,C1C=C(CNCC2=CC=CC=C2)CN1,10,0,10,0,0,-0.6756,-0.7182,100.00,10,10,100.0,-0.718,-0.608,LOWEST ATTR (INACTIVE): CHEMBL5396349 | SMILES: C=C1C(C2=CC=C(F)C=C2)=C(CNC(=O)C2=CC=C(C)C=C2)C(=O)N1CCCCC | Attribution: -0.718 | Prediction: 0.007 | MW: 406.5 | LogP: 4.86,HIGHEST ATTR (INACTIVE): CHEMBL5394111 | SMILES: C=C1C(C2=CC=C(F)C=C2)=C(CNC(=O)C2=CC=C(C)C=C2)C(=O)N1C1=CC=CC=C1C | Attribution: -0.608 | Prediction: 0.006 | MW: 426.5 | LogP: 5.19,,
38,207814,C1OCCC1N1C=CN=N1,10,0,10,0,0,-0.6705,-0.7616,100.00,10,10,100.0,-0.762,-0.253,LOWEST ATTR (INACTIVE): CHEMBL2063568 | SMILES: CCCCCCCCC1=CN(C2CCOC2=O)N=N1 | Attribution: -0.762 | Prediction: 0.027 | MW: 265.4 | LogP: 2.67,HIGHEST ATTR (INACTIVE): CHEMBL2063572 | SMILES: O=C1OCCC1N1C=C(CC2=CC=CC=C2)N=N1 | Attribution: -0.253 | Prediction: 0.076 | MW: 243.3 | LogP: 1.36,,
39,205703,C1NC2=CC=CC=C2[C@]12CNC1(C=CN3CC4=CC=CC=C4N=C31)C2,10,0,10,0,0,-0.6448,-0.7458,100.00,10,10,100.0,-0.746,-0.442,LOWEST ATTR (INACTIVE): CHEMBL5417299 | SMILES: CCN1C(=O)[C@@]2(CN(C)C3(C4=CC(OC)=CC=C4N4C3=NC3=CC=CC=C3C4=O)C2(C#N)C#N)C2=CC=CC=C21 | Attribution: -0.746 | Prediction: 0.005 | MW: 528.6 | LogP: 3.23,HIGHEST ATTR (INACTIVE): CHEMBL5407983 | SMILES: CCN1C(=O)[C@@]2(CN(C)C3(C4=CC(I)=CC=C4N4C3=NC3=CC=CC=C3C4=O)C2(C#N)C#N)C2=CC=CC=C21 | Attribution: -0.442 | Prediction: 0.005 | MW: 624.4 | LogP: 3.83,,
40,205698,C1NC2=CC=CC=C2C1CC1C2=CC=CC=C2N2CC3=CC=CC=C3N=C12,10,0,10,0,0,-0.6320,-0.7469,100.00,10,10,100.0,-0.747,-0.357,LOWEST ATTR (INACTIVE): CHEMBL5433084 | SMILES: CCN1C(=O)[C@@]2(CN(C)C3(C4=CC(I)=CC=C4N4C3=NC3=CC=C(Cl)C=C3C4=O)C2(C#N)C#N)C2=CC=CC=C21 | Attribution: -0.747 | Prediction: 0.009 | MW: 658.9 | LogP: 4.48,HIGHEST ATTR (INACTIVE): CHEMBL5408323 | SMILES: CCN1C(=O)[C@]2(C3=CC=CC=C31)C1CCCN1C1(C3=CC=CC=C3N3C1=NC1=CC=CC=C1C3=O)C2(C#N)C#N | Attribution: -0.357 | Prediction: 0.004 | MW: 524.6 | LogP: 3.76,,
41,207342,C1NCC(C2=CC=CC=C2)=C1CNCC1=CC=CC=C1,10,0,10,0,0,-0.6260,-0.6890,100.00,10,10,100.0,-0.689,-0.547,LOWEST ATTR (INACTIVE): CHEMBL5396349 | SMILES: C=C1C(C2=CC=C(F)C=C2)=C(CNC(=O)C2=CC=C(C)C=C2)C(=O)N1CCCCC | Attribution: -0.689 | Prediction: 0.007 | MW: 406.5 | LogP: 4.86,HIGHEST ATTR (INACTIVE): CHEMBL5394111 | SMILES: C=C1C(C2=CC=C(F)C=C2)=C(CNC(=O)C2=CC=C(C)C=C2)C(=O)N1C1=CC=CC=C1C | Attribution: -0.547 | Prediction: 0.006 | MW: 426.5 | LogP: 5.19,,
42,205700,C1=CC=C(C=C1)CCC1C2=CC=CC=C2N2CC3=CC=CC=C3N=C12,10,0,10,0,0,-0.6019,-0.7616,100.00,10,10,100.0,-0.762,-0.276,LOWEST ATTR (INACTIVE): CHEMBL5433084 | SMILES: CCN1C(=O)[C@@]2(CN(C)C3(C4=CC(I)=CC=C4N4C3=NC3=CC=C(Cl)C=C3C4=O)C2(C#N)C#N)C2=CC=CC=C21 | Attribution: -0.762 | Prediction: 0.009 | MW: 658.9 | LogP: 4.48,HIGHEST ATTR (INACTIVE): CHEMBL5408323 | SMILES: CCN1C(=O)[C@]2(C3=CC=CC=C31)C1CCCN1C1(C3=CC=CC=C3N3C1=NC1=CC=CC=C1C3=O)C2(C#N)C#N | Attribution: -0.276 | Prediction: 0.004 | MW: 524.6 | LogP: 3.76,,
43,205596,C(C=CC1=CC=CC=C1)N/N=C/C1=CN=CC=C1,10,0,10,0,0,-0.5424,-0.6399,100.00,10,10,100.0,-0.640,-0.408,LOWEST ATTR (INACTIVE): CHEMBL2262375 | SMILES: COC1=CC=C2N=C(Cl)C(/C=N/NC(=O)C3=C(O)C4=CC=CC=C4S(=O)(=O)N3)=CC2=C1 | Attribution: -0.640 | Prediction: 0.033 | MW: 458.9 | LogP: 2.57,HIGHEST ATTR (INACTIVE): CHEMBL2262379 | SMILES: CC1=CC=CC2=CC(/C=N/NC(=O)C3=C(O)C4=CC=CC=C4S(=O)(=O)N3C)=C(Cl)N=C12 | Attribution: -0.408 | Prediction: 0.052 | MW: 456.9 | LogP: 3.21,,
44,205038,C1C=C(CCC1)OC1=CCCCC1,10,0,10,0,0,-0.5148,-0.6186,100.00,10,10,100.0,-0.619,-0.367,LOWEST ATTR (INACTIVE): CHEMBL5419664 | SMILES: O=C1CCCC2=C1C(C1=CC(O)=CC=C1O)C1=C(CCCC1=O)O2 | Attribution: -0.619 | Prediction: 0.008 | MW: 326.3 | LogP: 3.23,HIGHEST ATTR (INACTIVE): CHEMBL5413553 | SMILES: O=C1CCCC2=C1C(C1=CC=C([N+](=O)[O-])C=C1[N+](=O)[O-])C1=C(CCCC1=O)O2 | Attribution: -0.367 | Prediction: 0.005 | MW: 384.3 | LogP: 3.63,,
45,205599,C(N/N=C/C1=CN=CC=C1)C1=CC2=CC=CC=C2SN1,10,0,10,0,0,-0.4691,-0.5506,100.00,10,10,100.0,-0.551,-0.384,LOWEST ATTR (INACTIVE): CHEMBL2262375 | SMILES: COC1=CC=C2N=C(Cl)C(/C=N/NC(=O)C3=C(O)C4=CC=CC=C4S(=O)(=O)N3)=CC2=C1 | Attribution: -0.551 | Prediction: 0.033 | MW: 458.9 | LogP: 2.57,HIGHEST ATTR (INACTIVE): CHEMBL2262379 | SMILES: CC1=CC=CC2=CC(/C=N/NC(=O)C3=C(O)C4=CC=CC=C4S(=O)(=O)N3C)=C(Cl)N=C12 | Attribution: -0.384 | Prediction: 0.052 | MW: 456.9 | LogP: 3.21,,
46,205595,C(N/N=C/C1=CN=CC=C1)C1=CC=CSN1,10,0,10,0,0,-0.4046,-0.4852,100.00,10,10,100.0,-0.485,-0.332,LOWEST ATTR (INACTIVE): CHEMBL2262375 | SMILES: COC1=CC=C2N=C(Cl)C(/C=N/NC(=O)C3=C(O)C4=CC=CC=C4S(=O)(=O)N3)=CC2=C1 | Attribution: -0.485 | Prediction: 0.033 | MW: 458.9 | LogP: 2.57,HIGHEST ATTR (INACTIVE): CHEMBL2262379 | SMILES: CC1=CC=CC2=CC(/C=N/NC(=O)C3=C(O)C4=CC=CC=C4S(=O)(=O)N3C)=C(Cl)N=C12 | Attribution: -0.332 | Prediction: 0.052 | MW: 456.9 | LogP: 3.21,,
47,204762,C1=CC(=C2NC=NC2=C1)NC1CC1,10,0,10,0,0,-0.2194,-0.3038,100.00,10,10,100.0,-0.304,-0.104,LOWEST ATTR (INACTIVE): CHEMBL5270859 | SMILES: O=C(O)C1=CN(C2CC2)C2=C(C=C(F)C3=C2NC(C2=CSC=C2)=N3)C1=O | Attribution: -0.304 | Prediction: 0.107 | MW: 369.4 | LogP: 3.78,HIGHEST ATTR (INACTIVE): CHEMBL5279758 | SMILES: O=C(O)C1=CN(C2CC2)C2=C(C=C(F)C3=C2NC(C2=COC=C2)=N3)C1=O | Attribution: -0.104 | Prediction: 0.130 | MW: 353.3 | LogP: 3.31,,
48,209865,C1=CC=C(COC2=CC=C3N=CC=C(C4CC4)C3=C2)C=C1,12,2,10,0,0,-0.1757,-0.7616,83.33,7,12,58.3,-0.762,0.640,LOWEST ATTR (INACTIVE): CHEMBL5088576 | SMILES: C[C@H](OC1=CC=C2N=CC(/C=C/S(=O)(=O)O)=C(C3CC3)C2=C1)C1=C(Cl)C=CC(F)=C1Cl | Attribution: -0.762 | Prediction: 0.031 | MW: 482.4 | LogP: 6.56,HIGHEST ATTR (ACTIVE): CHEMBL5078285 | SMILES: C[C@H](OC1=CC=C2N=CC(/C=C/C3=NNN=N3)=C(C3CC3)C2=C1)C1=C(Cl)C=CC(F)=C1Cl | Attribution: 0.640 | Prediction: 0.546 | MW: 470.3 | LogP: 6.38,,INACTIVE w/ POS ATTR: CHEMBL5084262 | SMILES: C[C@H](OC1=CC=C2N=CC(/C=C/C(=O)NC(CC(=O)O)CC(=O)O)=C(C3CC3)C2=C1)C1=C(Cl)C=CC(F)=C1Cl | Attribution: 0.618 | Prediction: 0.146 | MW: 575.4
49,204807,C(NN1CCCSC1C1=CC=CC=C1)C1=CN=C2C=CC=CC2=C1,10,0,10,0,0,-0.1310,-0.2597,100.00,7,10,70.0,-0.260,-0.004,LOWEST ATTR (INACTIVE): CHEMBL4102236 | SMILES: O=C(NN1C(=O)CCSC1C1=CC=CC(Cl)=C1)C1=CN=C2C(C(F)(F)F)=CC=CC2=C1O | Attribution: -0.260 | Prediction: 0.099 | MW: 481.9 | LogP: 4.92,HIGHEST ATTR (INACTIVE): CHEMBL4096960 | SMILES: O=C(NN1C(=O)CCSC1C1=CC=C(Br)C=C1)C1=CN=C2C(C(F)(F)F)=CC=CC2=C1O | Attribution: -0.004 | Prediction: 0.149 | MW: 526.3 | LogP: 5.03,,
50,204805,C(NN1CCCSC1)C1=CN=C2C=CC=CC2=C1,10,0,10,0,0,-0.1114,-0.2003,100.00,4,10,40.0,-0.200,-0.026,LOWEST ATTR (INACTIVE): CHEMBL4069767 | SMILES: O=C(NN1C(=O)CCSC1C1=CC=C(F)C=C1)C1=CN=C2C(C(F)(F)F)=CC=CC2=C1O | Attribution: -0.200 | Prediction: 0.135 | MW: 465.4 | LogP: 4.41,HIGHEST ATTR (INACTIVE): CHEMBL4088327 | SMILES: O=C(NN1C(=O)CCSC1C1=CC=CC=C1)C1=CN=C2C(C(F)(F)F)=CC=CC2=C1O | Attribution: -0.026 | Prediction: 0.126 | MW: 447.4 | LogP: 4.27,,
51,204786,C1CCSC(C2=CC=CC=C2)N1CCCNCC1=CC=CC=C1,9,0,9,0,0,-0.7570,-0.7616,100.00,9,9,100.0,-0.762,-0.725,LOWEST ATTR (INACTIVE): CHEMBL375375 | SMILES: O=C1CCSC(C2=CC=C(Cl)C=C2)N1CCCNC1=CC=NC2=CC(Cl)=CC=C12 | Attribution: -0.762 | Prediction: 0.086 | MW: 446.4 | LogP: 6.01,HIGHEST ATTR (INACTIVE): CHEMBL4084984 | SMILES: O=C1CCSC(C2=CC=C(Br)C=C2)N1CCCNC1=CC=NC2=CC(Cl)=CC=C12 | Attribution: -0.725 | Prediction: 0.090 | MW: 490.9 | LogP: 6.12,,
52,210259,C1=CN=C(N2C=CN=C2)N=C1,9,0,9,0,0,-0.7555,-0.7616,100.00,9,9,100.0,-0.762,-0.707,LOWEST ATTR (INACTIVE): CHEMBL5405581 | SMILES: OCCN(CCO)C1=CC=NC(N2C=CN=C2)=N1 | Attribution: -0.762 | Prediction: 0.033 | MW: 249.3 | LogP: -0.55,HIGHEST ATTR (INACTIVE): CHEMBL5436230 | SMILES: OCCN(CCO)C1=CC=NC(N2C=CN=C2C2=CC=CC=C2)=N1 | Attribution: -0.707 | Prediction: 0.053 | MW: 325.4 | LogP: 1.12,,
53,206517,C1CCSC(C2=CC=CC=C2)N1CCCCNCC1=CC=CC=C1,9,0,9,0,0,-0.7548,-0.7616,100.00,9,9,100.0,-0.762,-0.716,LOWEST ATTR (INACTIVE): CHEMBL4085806 | SMILES: O=C1CCSC(C2=CC=CC(Cl)=C2)N1CCCCNC1=CC=NC2=CC(Cl)=CC=C12 | Attribution: -0.762 | Prediction: 0.097 | MW: 460.4 | LogP: 6.40,HIGHEST ATTR (INACTIVE): CHEMBL4089638 | SMILES: O=C1CCSC(C2=CC=C(F)C=C2)N1CCCCNC1=CC=NC2=CC(Cl)=CC=C12 | Attribution: -0.716 | Prediction: 0.117 | MW: 444.0 | LogP: 5.88,,
54,204783,C1CCSCN1CCCNCC1=CC=CC=C1,9,0,9,0,0,-0.7024,-0.7616,100.00,9,9,100.0,-0.762,-0.592,LOWEST ATTR (INACTIVE): CHEMBL2297866 | SMILES: COC1=CC=C(C2SCCC(=O)N2CCCNC2=CC=NC3=CC(Cl)=CC=C23)C=C1 | Attribution: -0.762 | Prediction: 0.070 | MW: 442.0 | LogP: 5.36,HIGHEST ATTR (INACTIVE): CHEMBL4062577 | SMILES: O=C1CCSC(C2=CC=CC(Cl)=C2)N1CCCNC1=CC=NC2=CC(Cl)=CC=C12 | Attribution: -0.592 | Prediction: 0.084 | MW: 446.4 | LogP: 6.01,,
55,206515,C1CCSCN1CCCCNCC1=CC=CC=C1,9,0,9,0,0,-0.6932,-0.7616,100.00,9,9,100.0,-0.762,-0.571,LOWEST ATTR (INACTIVE): CHEMBL4081765 | SMILES: COC1=CC=C(C2SCCC(=O)N2CCCCNC2=CC=NC3=CC(Cl)=CC=C23)C=C1 | Attribution: -0.762 | Prediction: 0.077 | MW: 456.0 | LogP: 5.75,HIGHEST ATTR (INACTIVE): CHEMBL4085806 | SMILES: O=C1CCSC(C2=CC=CC(Cl)=C2)N1CCCCNC1=CC=NC2=CC(Cl)=CC=C12 | Attribution: -0.571 | Prediction: 0.097 | MW: 460.4 | LogP: 6.40,,
56,205713,C1=CC=C2C(=C1)N1CC3=CC=CC=C3N=C1C21CCCN1,9,0,9,0,0,-0.6781,-0.7616,100.00,9,9,100.0,-0.762,-0.520,LOWEST ATTR (INACTIVE): CHEMBL5416479 | SMILES: CCN1C(=O)[C@]2(C3=CC=CC=C31)C(C(=O)NCC(=O)O)NC1(C3=CC(Cl)=CC=C3N3C1=NC1=CC=CC=C1C3=O)C2(C#N)C#N | Attribution: -0.762 | Prediction: 0.008 | MW: 620.0 | LogP: 2.11,HIGHEST ATTR (INACTIVE): CHEMBL5436059 | SMILES: CN1C(=O)[C@@]2(CN(C)C3(C4=CC=CC=C4N4C3=NC3=CC=CC=C3C4=O)C2(C#N)C#N)C2=CC=CC=C21 | Attribution: -0.520 | Prediction: 0.004 | MW: 484.5 | LogP: 2.84,,
57,205707,C1NC2=CC=CC=C2[C@]12CNC(C2)C1=NC2=CC=CC=C2CN1,9,0,9,0,0,-0.6701,-0.7616,100.00,9,9,100.0,-0.762,-0.512,LOWEST ATTR (INACTIVE): CHEMBL5417299 | SMILES: CCN1C(=O)[C@@]2(CN(C)C3(C4=CC(OC)=CC=C4N4C3=NC3=CC=CC=C3C4=O)C2(C#N)C#N)C2=CC=CC=C21 | Attribution: -0.762 | Prediction: 0.005 | MW: 528.6 | LogP: 3.23,HIGHEST ATTR (INACTIVE): CHEMBL5407983 | SMILES: CCN1C(=O)[C@@]2(CN(C)C3(C4=CC(I)=CC=C4N4C3=NC3=CC=CC=C3C4=O)C2(C#N)C#N)C2=CC=CC=C21 | Attribution: -0.512 | Prediction: 0.005 | MW: 624.4 | LogP: 3.83,,
58,205711,C1NC=C[C@]12CNC1(C2)C2=CC=CC=C2N2CC=CN=C21,9,0,9,0,0,-0.6522,-0.7246,100.00,9,9,100.0,-0.725,-0.493,LOWEST ATTR (INACTIVE): CHEMBL5426712 | SMILES: CCN1C(=O)[C@@]2(CN(C)C3(C4=CC(Cl)=CC=C4N4C3=NC3=CC=CC=C3C4=O)C2(C#N)C#N)C2=CC=CC=C21 | Attribution: -0.725 | Prediction: 0.004 | MW: 533.0 | LogP: 3.88,HIGHEST ATTR (INACTIVE): CHEMBL5433084 | SMILES: CCN1C(=O)[C@@]2(CN(C)C3(C4=CC(I)=CC=C4N4C3=NC3=CC=C(Cl)C=C3C4=O)C2(C#N)C#N)C2=CC=CC=C21 | Attribution: -0.493 | Prediction: 0.009 | MW: 658.9 | LogP: 4.48,,
59,204789,C1CCSC(C2=CC=CC=C2)N1CCCNC1=CC=NC2=CC=CC=C12,9,0,9,0,0,-0.6345,-0.7161,100.00,9,9,100.0,-0.716,-0.530,LOWEST ATTR (INACTIVE): CHEMBL4065058 | SMILES: O=C1CCSC(C2=CC=C(O)C=C2)N1CCCNC1=CC=NC2=CC(Cl)=CC=C12 | Attribution: -0.716 | Prediction: 0.081 | MW: 428.0 | LogP: 5.06,HIGHEST ATTR (INACTIVE): CHEMBL4084984 | SMILES: O=C1CCSC(C2=CC=C(Br)C=C2)N1CCCNC1=CC=NC2=CC(Cl)=CC=C12 | Attribution: -0.530 | Prediction: 0.090 | MW: 490.9 | LogP: 6.12,,
60,205706,C1=CC=C(C=C1)C1CNC2(C1)C1=CC=CC=C1N1CC=CN=C12,9,0,9,0,0,-0.6193,-0.6856,100.00,9,9,100.0,-0.686,-0.495,LOWEST ATTR (INACTIVE): CHEMBL5407983 | SMILES: CCN1C(=O)[C@@]2(CN(C)C3(C4=CC(I)=CC=C4N4C3=NC3=CC=CC=C3C4=O)C2(C#N)C#N)C2=CC=CC=C21 | Attribution: -0.686 | Prediction: 0.005 | MW: 624.4 | LogP: 3.83,HIGHEST ATTR (INACTIVE): CHEMBL5433084 | SMILES: CCN1C(=O)[C@@]2(CN(C)C3(C4=CC(I)=CC=C4N4C3=NC3=CC=C(Cl)C=C3C4=O)C2(C#N)C#N)C2=CC=CC=C21 | Attribution: -0.495 | Prediction: 0.009 | MW: 658.9 | LogP: 4.48,,
61,206520,C1CCSC(C2=CC=CC=C2)N1CCCCNC1=CC=NC2=CC=CC=C12,9,0,9,0,0,-0.6093,-0.7107,100.00,9,9,100.0,-0.711,-0.453,LOWEST ATTR (INACTIVE): CHEMBL4097357 | SMILES: O=C1CCSC(C2=CC=C(O)C=C2)N1CCCCNC1=CC=NC2=CC(Cl)=CC=C12 | Attribution: -0.711 | Prediction: 0.093 | MW: 442.0 | LogP: 5.45,HIGHEST ATTR (INACTIVE): CHEMBL4089638 | SMILES: O=C1CCSC(C2=CC=C(F)C=C2)N1CCCCNC1=CC=NC2=CC(Cl)=CC=C12 | Attribution: -0.453 | Prediction: 0.117 | MW: 444.0 | LogP: 5.88,,
62,205716,C1NC=C[C@]12CNC1(C=CN3CC4=CC=CC=C4N=C31)C2,9,0,9,0,0,-0.5904,-0.7054,100.00,9,9,100.0,-0.705,-0.402,LOWEST ATTR (INACTIVE): CHEMBL5417299 | SMILES: CCN1C(=O)[C@@]2(CN(C)C3(C4=CC(OC)=CC=C4N4C3=NC3=CC=CC=C3C4=O)C2(C#N)C#N)C2=CC=CC=C21 | Attribution: -0.705 | Prediction: 0.005 | MW: 528.6 | LogP: 3.23,HIGHEST ATTR (INACTIVE): CHEMBL5407983 | SMILES: CCN1C(=O)[C@@]2(CN(C)C3(C4=CC(I)=CC=C4N4C3=NC3=CC=CC=C3C4=O)C2(C#N)C#N)C2=CC=CC=C21 | Attribution: -0.402 | Prediction: 0.005 | MW: 624.4 | LogP: 3.83,,
63,205704,C1NC=CC1CC1C2=CC=CC=C2N2CC3=CC=CC=C3N=C12,9,0,9,0,0,-0.5878,-0.6587,100.00,9,9,100.0,-0.659,-0.519,LOWEST ATTR (INACTIVE): CHEMBL5433084 | SMILES: CCN1C(=O)[C@@]2(CN(C)C3(C4=CC(I)=CC=C4N4C3=NC3=CC=C(Cl)C=C3C4=O)C2(C#N)C#N)C2=CC=CC=C21 | Attribution: -0.659 | Prediction: 0.009 | MW: 658.9 | LogP: 4.48,HIGHEST ATTR (INACTIVE): CHEMBL5417299 | SMILES: CCN1C(=O)[C@@]2(CN(C)C3(C4=CC(OC)=CC=C4N4C3=NC3=CC=CC=C3C4=O)C2(C#N)C#N)C2=CC=CC=C21 | Attribution: -0.519 | Prediction: 0.005 | MW: 528.6 | LogP: 3.23,,
64,205714,C1=CC=C(C=C1)C1CNC(C1)C1=NC2=CC=CC=C2CN1,9,0,9,0,0,-0.5667,-0.6875,100.00,9,9,100.0,-0.687,-0.439,LOWEST ATTR (INACTIVE): CHEMBL5417299 | SMILES: CCN1C(=O)[C@@]2(CN(C)C3(C4=CC(OC)=CC=C4N4C3=NC3=CC=CC=C3C4=O)C2(C#N)C#N)C2=CC=CC=C21 | Attribution: -0.687 | Prediction: 0.005 | MW: 528.6 | LogP: 3.23,HIGHEST ATTR (INACTIVE): CHEMBL5407983 | SMILES: CCN1C(=O)[C@@]2(CN(C)C3(C4=CC(I)=CC=C4N4C3=NC3=CC=CC=C3C4=O)C2(C#N)C#N)C2=CC=CC=C21 | Attribution: -0.439 | Prediction: 0.005 | MW: 624.4 | LogP: 3.83,,
65,205705,C1NC2=CC=CC=C2C1CC1C2=CC=CC=C2N2CC=CN=C12,9,0,9,0,0,-0.5659,-0.6307,100.00,9,9,100.0,-0.631,-0.462,LOWEST ATTR (INACTIVE): CHEMBL5407983 | SMILES: CCN1C(=O)[C@@]2(CN(C)C3(C4=CC(I)=CC=C4N4C3=NC3=CC=CC=C3C4=O)C2(C#N)C#N)C2=CC=CC=C21 | Attribution: -0.631 | Prediction: 0.005 | MW: 624.4 | LogP: 3.83,HIGHEST ATTR (INACTIVE): CHEMBL5433084 | SMILES: CCN1C(=O)[C@@]2(CN(C)C3(C4=CC(I)=CC=C4N4C3=NC3=CC=C(Cl)C=C3C4=O)C2(C#N)C#N)C2=CC=CC=C21 | Attribution: -0.462 | Prediction: 0.009 | MW: 658.9 | LogP: 4.48,,
66,205717,C1NC2=CC=CC=C2[C@]12CNC1(C=CN3CC=CN=C31)C2,9,0,9,0,0,-0.5643,-0.7054,100.00,9,9,100.0,-0.705,-0.286,LOWEST ATTR (INACTIVE): CHEMBL5417299 | SMILES: CCN1C(=O)[C@@]2(CN(C)C3(C4=CC(OC)=CC=C4N4C3=NC3=CC=CC=C3C4=O)C2(C#N)C#N)C2=CC=CC=C21 | Attribution: -0.705 | Prediction: 0.005 | MW: 528.6 | LogP: 3.23,HIGHEST ATTR (INACTIVE): CHEMBL5433084 | SMILES: CCN1C(=O)[C@@]2(CN(C)C3(C4=CC(I)=CC=C4N4C3=NC3=CC=C(Cl)C=C3C4=O)C2(C#N)C#N)C2=CC=CC=C21 | Attribution: -0.286 | Prediction: 0.009 | MW: 658.9 | LogP: 4.48,,
67,205709,C1=CC2(CC(CN2)C2=CC=CC=C2)C2=NC3=CC=CC=C3CN12,9,0,9,0,0,-0.5461,-0.6820,100.00,9,9,100.0,-0.682,-0.396,LOWEST ATTR (INACTIVE): CHEMBL5417299 | SMILES: CCN1C(=O)[C@@]2(CN(C)C3(C4=CC(OC)=CC=C4N4C3=NC3=CC=CC=C3C4=O)C2(C#N)C#N)C2=CC=CC=C21 | Attribution: -0.682 | Prediction: 0.005 | MW: 528.6 | LogP: 3.23,HIGHEST ATTR (INACTIVE): CHEMBL5407983 | SMILES: CCN1C(=O)[C@@]2(CN(C)C3(C4=CC(I)=CC=C4N4C3=NC3=CC=CC=C3C4=O)C2(C#N)C#N)C2=CC=CC=C21 | Attribution: -0.396 | Prediction: 0.005 | MW: 624.4 | LogP: 3.83,,
68,204787,C1CCSCN1CCCNC1=CC=NC2=CC=CC=C12,9,0,9,0,0,-0.5429,-0.7005,100.00,9,9,100.0,-0.700,-0.364,LOWEST ATTR (INACTIVE): CHEMBL2297866 | SMILES: COC1=CC=C(C2SCCC(=O)N2CCCNC2=CC=NC3=CC(Cl)=CC=C23)C=C1 | Attribution: -0.700 | Prediction: 0.070 | MW: 442.0 | LogP: 5.36,HIGHEST ATTR (INACTIVE): CHEMBL4062577 | SMILES: O=C1CCSC(C2=CC=CC(Cl)=C2)N1CCCNC1=CC=NC2=CC(Cl)=CC=C12 | Attribution: -0.364 | Prediction: 0.084 | MW: 446.4 | LogP: 6.01,,
69,205712,C1NC2=CC=CC=C2C1CCC1=NC2=CC=CC=C2CN1,9,0,9,0,0,-0.5424,-0.6059,100.00,9,9,100.0,-0.606,-0.462,LOWEST ATTR (INACTIVE): CHEMBL5410559 | SMILES: CCN1C(=O)[C@@]2(CN(C)C3(C4=CC([N+](=O)[O-])=CC=C4N4C3=NC3=CC=CC=C3C4=O)C2(C#N)C#N)C2=CC=CC=C21 | Attribution: -0.606 | Prediction: 0.004 | MW: 543.5 | LogP: 3.13,HIGHEST ATTR (INACTIVE): CHEMBL5416479 | SMILES: CCN1C(=O)[C@]2(C3=CC=CC=C31)C(C(=O)NCC(=O)O)NC1(C3=CC(Cl)=CC=C3N3C1=NC1=CC=CC=C1C3=O)C2(C#N)C#N | Attribution: -0.462 | Prediction: 0.008 | MW: 620.0 | LogP: 2.11,,
70,206513,C(NCCCCNCC1=CC=CC=C1)C1=CC=CC=C1,9,0,9,0,0,-0.5408,-0.6220,100.00,9,9,100.0,-0.622,-0.437,LOWEST ATTR (INACTIVE): CHEMBL4085806 | SMILES: O=C1CCSC(C2=CC=CC(Cl)=C2)N1CCCCNC1=CC=NC2=CC(Cl)=CC=C12 | Attribution: -0.622 | Prediction: 0.097 | MW: 460.4 | LogP: 6.40,HIGHEST ATTR (INACTIVE): CHEMBL4089638 | SMILES: O=C1CCSC(C2=CC=C(F)C=C2)N1CCCCNC1=CC=NC2=CC(Cl)=CC=C12 | Attribution: -0.437 | Prediction: 0.117 | MW: 444.0 | LogP: 5.88,,
71,207873,C1CC(C2=CC=CC=C2)N1C1=NN=C(CN2C=NC3=CC=CC=C32)S1,9,0,9,0,0,-0.5326,-0.6863,100.00,9,9,100.0,-0.686,-0.358,LOWEST ATTR (INACTIVE): CHEMBL550747 | SMILES: CC1=NC2=CC=CC=C2N1CC1=NN=C(N2C(=O)C(Cl)C2C2=CC=CC=C2O)S1 | Attribution: -0.686 | Prediction: 0.067 | MW: 425.9 | LogP: 3.65,HIGHEST ATTR (INACTIVE): CHEMBL549398 | SMILES: CC1=CC=C(C2C(Cl)C(=O)N2C2=NN=C(CN3C(C)=NC4=CC=CC=C43)S2)C=C1 | Attribution: -0.358 | Prediction: 0.068 | MW: 423.9 | LogP: 4.25,,
72,205710,C1=CC=C(C=C1)CCC1C2=CC=CC=C2N2CC=CN=C12,9,0,9,0,0,-0.5282,-0.6163,100.00,9,9,100.0,-0.616,-0.431,LOWEST ATTR (INACTIVE): CHEMBL5407983 | SMILES: CCN1C(=O)[C@@]2(CN(C)C3(C4=CC(I)=CC=C4N4C3=NC3=CC=CC=C3C4=O)C2(C#N)C#N)C2=CC=CC=C21 | Attribution: -0.616 | Prediction: 0.005 | MW: 624.4 | LogP: 3.83,HIGHEST ATTR (INACTIVE): CHEMBL5436059 | SMILES: CN1C(=O)[C@@]2(CN(C)C3(C4=CC=CC=C4N4C3=NC3=CC=CC=C3C4=O)C2(C#N)C#N)C2=CC=CC=C21 | Attribution: -0.431 | Prediction: 0.004 | MW: 484.5 | LogP: 2.84,,
73,207868,C1CC(C2=CC=CC=C2)N1C1=NN=CS1,9,0,9,0,0,-0.5280,-0.6537,100.00,9,9,100.0,-0.654,-0.396,LOWEST ATTR (INACTIVE): CHEMBL539990 | SMILES: CC1=NC2=CC=CC=C2N1CC1=NN=C(N2C(=O)C(Cl)C2C2=CC=CC=C2Cl)S1 | Attribution: -0.654 | Prediction: 0.065 | MW: 444.3 | LogP: 4.59,HIGHEST ATTR (INACTIVE): CHEMBL549398 | SMILES: CC1=CC=C(C2C(Cl)C(=O)N2C2=NN=C(CN3C(C)=NC4=CC=CC=C43)S2)C=C1 | Attribution: -0.396 | Prediction: 0.068 | MW: 423.9 | LogP: 4.25,,
74,205708,C1NC2=CC=CC=C2C1CC1C=CN2CC3=CC=CC=C3N=C12,9,0,9,0,0,-0.5257,-0.6347,100.00,9,9,100.0,-0.635,-0.452,LOWEST ATTR (INACTIVE): CHEMBL5410559 | SMILES: CCN1C(=O)[C@@]2(CN(C)C3(C4=CC([N+](=O)[O-])=CC=C4N4C3=NC3=CC=CC=C3C4=O)C2(C#N)C#N)C2=CC=CC=C21 | Attribution: -0.635 | Prediction: 0.004 | MW: 543.5 | LogP: 3.13,HIGHEST ATTR (INACTIVE): CHEMBL5416479 | SMILES: CCN1C(=O)[C@]2(C3=CC=CC=C31)C(C(=O)NCC(=O)O)NC1(C3=CC(Cl)=CC=C3N3C1=NC1=CC=CC=C1C3=O)C2(C#N)C#N | Attribution: -0.452 | Prediction: 0.008 | MW: 620.0 | LogP: 2.11,,
75,206519,C1CCSCN1CCCCNC1=CC=NC2=CC=CC=C12,9,0,9,0,0,-0.5069,-0.6952,100.00,9,9,100.0,-0.695,-0.266,LOWEST ATTR (INACTIVE): CHEMBL4081765 | SMILES: COC1=CC=C(C2SCCC(=O)N2CCCCNC2=CC=NC3=CC(Cl)=CC=C23)C=C1 | Attribution: -0.695 | Prediction: 0.077 | MW: 456.0 | LogP: 5.75,HIGHEST ATTR (INACTIVE): CHEMBL4064248 | SMILES: O=C1CCSC(C2=CC=CC(F)=C2)N1CCCCNC1=CC=NC2=CC(Cl)=CC=C12 | Attribution: -0.266 | Prediction: 0.119 | MW: 444.0 | LogP: 5.88,,
76,205715,C1=CN2CC3=CC=CC=C3N=C2C1CCC1=CC=CC=C1,9,0,9,0,0,-0.4853,-0.5906,100.00,9,9,100.0,-0.591,-0.431,LOWEST ATTR (INACTIVE): CHEMBL5410559 | SMILES: CCN1C(=O)[C@@]2(CN(C)C3(C4=CC([N+](=O)[O-])=CC=C4N4C3=NC3=CC=CC=C3C4=O)C2(C#N)C#N)C2=CC=CC=C21 | Attribution: -0.591 | Prediction: 0.004 | MW: 543.5 | LogP: 3.13,HIGHEST ATTR (INACTIVE): CHEMBL5436059 | SMILES: CN1C(=O)[C@@]2(CN(C)C3(C4=CC=CC=C4N4C3=NC3=CC=CC=C3C4=O)C2(C#N)C#N)C2=CC=CC=C21 | Attribution: -0.431 | Prediction: 0.004 | MW: 484.5 | LogP: 2.84,,
77,207872,C1CC(C2=CC=CC=C2)N1C1=NN=C(CNC2=CC=CC=C2)S1,9,0,9,0,0,-0.4747,-0.6295,100.00,9,9,100.0,-0.630,-0.297,LOWEST ATTR (INACTIVE): CHEMBL550747 | SMILES: CC1=NC2=CC=CC=C2N1CC1=NN=C(N2C(=O)C(Cl)C2C2=CC=CC=C2O)S1 | Attribution: -0.630 | Prediction: 0.067 | MW: 425.9 | LogP: 3.65,HIGHEST ATTR (INACTIVE): CHEMBL549398 | SMILES: CC1=CC=C(C2C(Cl)C(=O)N2C2=NN=C(CN3C(C)=NC4=CC=CC=C43)S2)C=C1 | Attribution: -0.297 | Prediction: 0.068 | MW: 423.9 | LogP: 4.25,,
78,207863,C1CCN1C1=NN=CS1,9,0,9,0,0,-0.4519,-0.6162,100.00,9,9,100.0,-0.616,-0.383,LOWEST ATTR (INACTIVE): CHEMBL550747 | SMILES: CC1=NC2=CC=CC=C2N1CC1=NN=C(N2C(=O)C(Cl)C2C2=CC=CC=C2O)S1 | Attribution: -0.616 | Prediction: 0.067 | MW: 425.9 | LogP: 3.65,HIGHEST ATTR (INACTIVE): CHEMBL565152 | SMILES: COC1=CC=C(C2C(Cl)C(=O)N2C2=NN=C(CN3C(C)=NC4=CC=CC=C43)S2)C=C1 | Attribution: -0.383 | Prediction: 0.065 | MW: 439.9 | LogP: 3.95,,
79,204785,C1CCSC(C2=CC=CC=C2)N1CCCNC1=CC=NC=C1,9,0,9,0,0,-0.4388,-0.5315,100.00,9,9,100.0,-0.531,-0.308,LOWEST ATTR (INACTIVE): CHEMBL4065058 | SMILES: O=C1CCSC(C2=CC=C(O)C=C2)N1CCCNC1=CC=NC2=CC(Cl)=CC=C12 | Attribution: -0.531 | Prediction: 0.081 | MW: 428.0 | LogP: 5.06,HIGHEST ATTR (INACTIVE): CHEMBL4084279 | SMILES: O=C1CCSC(C2=CC=CC(F)=C2)N1CCCNC1=CC=NC2=CC(Cl)=CC=C12 | Attribution: -0.308 | Prediction: 0.098 | MW: 429.9 | LogP: 5.49,,
80,207871,C1CC(C2=CC=CC=C2)N1C1=NN=C(CN2C=CN=C2)S1,9,0,9,0,0,-0.4222,-0.6189,100.00,9,9,100.0,-0.619,-0.250,LOWEST ATTR (INACTIVE): CHEMBL539990 | SMILES: CC1=NC2=CC=CC=C2N1CC1=NN=C(N2C(=O)C(Cl)C2C2=CC=CC=C2Cl)S1 | Attribution: -0.619 | Prediction: 0.065 | MW: 444.3 | LogP: 4.59,HIGHEST ATTR (INACTIVE): CHEMBL549398 | SMILES: CC1=CC=C(C2C(Cl)C(=O)N2C2=NN=C(CN3C(C)=NC4=CC=CC=C43)S2)C=C1 | Attribution: -0.250 | Prediction: 0.068 | MW: 423.9 | LogP: 4.25,,
81,207869,C1CCN1C1=NN=C(CN2C=NC3=CC=CC=C32)S1,9,0,9,0,0,-0.3869,-0.5810,100.00,9,9,100.0,-0.581,-0.288,LOWEST ATTR (INACTIVE): CHEMBL550747 | SMILES: CC1=NC2=CC=CC=C2N1CC1=NN=C(N2C(=O)C(Cl)C2C2=CC=CC=C2O)S1 | Attribution: -0.581 | Prediction: 0.067 | MW: 425.9 | LogP: 3.65,HIGHEST ATTR (INACTIVE): CHEMBL556077 | SMILES: CC1=CC=CC=C1C1C(Cl)C(=O)N1C1=NN=C(CN2C(C)=NC3=CC=CC=C32)S1 | Attribution: -0.288 | Prediction: 0.058 | MW: 423.9 | LogP: 4.25,,
82,206516,C1CCSC(C2=CC=CC=C2)N1CCCCNC1=CC=NC=C1,9,0,9,0,0,-0.3672,-0.4989,100.00,9,9,100.0,-0.499,-0.158,LOWEST ATTR (INACTIVE): CHEMBL4097357 | SMILES: O=C1CCSC(C2=CC=C(O)C=C2)N1CCCCNC1=CC=NC2=CC(Cl)=CC=C12 | Attribution: -0.499 | Prediction: 0.093 | MW: 442.0 | LogP: 5.45,HIGHEST ATTR (INACTIVE): CHEMBL4089638 | SMILES: O=C1CCSC(C2=CC=C(F)C=C2)N1CCCCNC1=CC=NC2=CC(Cl)=CC=C12 | Attribution: -0.158 | Prediction: 0.117 | MW: 444.0 | LogP: 5.88,,
83,204782,C1CCSCN1CCCNC1=CC=NC=C1,9,0,9,0,0,-0.3540,-0.5409,100.00,9,9,100.0,-0.541,-0.179,LOWEST ATTR (INACTIVE): CHEMBL2297866 | SMILES: COC1=CC=C(C2SCCC(=O)N2CCCNC2=CC=NC3=CC(Cl)=CC=C23)C=C1 | Attribution: -0.541 | Prediction: 0.070 | MW: 442.0 | LogP: 5.36,HIGHEST ATTR (INACTIVE): CHEMBL4062577 | SMILES: O=C1CCSC(C2=CC=CC(Cl)=C2)N1CCCNC1=CC=NC2=CC(Cl)=CC=C12 | Attribution: -0.179 | Prediction: 0.084 | MW: 446.4 | LogP: 6.01,,
84,207866,C1CCN1C1=NN=C(CNC2=CC=CC=C2)S1,9,0,9,0,0,-0.3389,-0.5394,100.00,9,9,100.0,-0.539,-0.245,LOWEST ATTR (INACTIVE): CHEMBL550747 | SMILES: CC1=NC2=CC=CC=C2N1CC1=NN=C(N2C(=O)C(Cl)C2C2=CC=CC=C2O)S1 | Attribution: -0.539 | Prediction: 0.067 | MW: 425.9 | LogP: 3.65,HIGHEST ATTR (INACTIVE): CHEMBL556412 | SMILES: CC1=NC2=CC=CC=C2N1CC1=NN=C(N2C(=O)C(Cl)C2C2=CC=C(N)C=C2)S1 | Attribution: -0.245 | Prediction: 0.073 | MW: 424.9 | LogP: 3.52,,
85,204788,C1=CC=C(CNCCCNC2=CC=NC3=CC=CC=C23)C=C1,9,0,9,0,0,-0.3254,-0.4608,100.00,9,9,100.0,-0.461,-0.138,LOWEST ATTR (INACTIVE): CHEMBL4062577 | SMILES: O=C1CCSC(C2=CC=CC(Cl)=C2)N1CCCNC1=CC=NC2=CC(Cl)=CC=C12 | Attribution: -0.461 | Prediction: 0.084 | MW: 446.4 | LogP: 6.01,HIGHEST ATTR (INACTIVE): CHEMBL4084279 | SMILES: O=C1CCSC(C2=CC=CC(F)=C2)N1CCCNC1=CC=NC2=CC(Cl)=CC=C12 | Attribution: -0.138 | Prediction: 0.098 | MW: 429.9 | LogP: 5.49,,
86,207864,C1CCN1C1=NN=C(CN2C=CN=C2)S1,9,0,9,0,0,-0.3053,-0.5310,100.00,9,9,100.0,-0.531,-0.205,LOWEST ATTR (INACTIVE): CHEMBL550747 | SMILES: CC1=NC2=CC=CC=C2N1CC1=NN=C(N2C(=O)C(Cl)C2C2=CC=CC=C2O)S1 | Attribution: -0.531 | Prediction: 0.067 | MW: 425.9 | LogP: 3.65,HIGHEST ATTR (INACTIVE): CHEMBL556077 | SMILES: CC1=CC=CC=C1C1C(Cl)C(=O)N1C1=NN=C(CN2C(C)=NC3=CC=CC=C32)S1 | Attribution: -0.205 | Prediction: 0.058 | MW: 423.9 | LogP: 4.25,,
87,206514,C1CCSCN1CCCCNC1=CC=NC=C1,9,0,9,0,0,-0.2923,-0.5185,100.00,8,9,88.9,-0.519,-0.087,LOWEST ATTR (INACTIVE): CHEMBL4081765 | SMILES: COC1=CC=C(C2SCCC(=O)N2CCCCNC2=CC=NC3=CC(Cl)=CC=C23)C=C1 | Attribution: -0.519 | Prediction: 0.077 | MW: 456.0 | LogP: 5.75,HIGHEST ATTR (INACTIVE): CHEMBL4064248 | SMILES: O=C1CCSC(C2=CC=CC(F)=C2)N1CCCCNC1=CC=NC2=CC(Cl)=CC=C12 | Attribution: -0.087 | Prediction: 0.119 | MW: 444.0 | LogP: 5.88,,
88,206518,C1=CC=C(CNCCCCNC2=CC=NC3=CC=CC=C23)C=C1,9,0,9,0,0,-0.2297,-0.4217,100.00,7,9,77.8,-0.422,0.034,LOWEST ATTR (INACTIVE): CHEMBL4085806 | SMILES: O=C1CCSC(C2=CC=CC(Cl)=C2)N1CCCCNC1=CC=NC2=CC(Cl)=CC=C12 | Attribution: -0.422 | Prediction: 0.097 | MW: 460.4 | LogP: 6.40,HIGHEST ATTR (INACTIVE): CHEMBL4089638 | SMILES: O=C1CCSC(C2=CC=C(F)C=C2)N1CCCCNC1=CC=NC2=CC(Cl)=CC=C12 | Attribution: 0.034 | Prediction: 0.117 | MW: 444.0 | LogP: 5.88,,INACTIVE w/ POS ATTR: CHEMBL4089638 | SMILES: O=C1CCSC(C2=CC=C(F)C=C2)N1CCCCNC1=CC=NC2=CC(Cl)=CC=C12 | Attribution: 0.034 | Prediction: 0.117 | MW: 444.0
89,209859,C1=CC=C(CC2=NNCN2C2=CC=CC=C2)C=C1,9,0,9,0,0,-0.1220,-0.7616,100.00,3,9,33.3,-0.762,0.305,LOWEST ATTR (INACTIVE): CHEMBL271357 | SMILES: COC1=CC(CC2=NNC(=S)N2C2=CC=C(Cl)C=C2)=C(S(=O)(=O)N(C)C)C=C1OC | Attribution: -0.762 | Prediction: 0.035 | MW: 469.0 | LogP: 3.44,HIGHEST ATTR (INACTIVE): CHEMBL273099 | SMILES: COC1=CC(CC2=NNC(=S)N2C2=CC=CC=C2)=C(S(=O)(=O)N2CCCCC2)C=C1OC | Attribution: 0.305 | Prediction: 0.032 | MW: 474.6 | LogP: 3.71,,INACTIVE w/ POS ATTR: CHEMBL273099 | SMILES: COC1=CC(CC2=NNC(=S)N2C2=CC=CC=C2)=C(S(=O)(=O)N2CCCCC2)C=C1OC | Attribution: 0.305 | Prediction: 0.032 | MW: 474.6
90,207106,C1CCSC(C2=CC=CC=C2)N1CCNCC1=CC=CC=C1,8,0,8,0,0,-0.7565,-0.7616,100.00,8,8,100.0,-0.762,-0.725,LOWEST ATTR (INACTIVE): CHEMBL4073218 | SMILES: O=C1CCSC(C2=CC=CC(Cl)=C2)N1CCNC1=CC=NC2=CC(Cl)=CC=C12 | Attribution: -0.762 | Prediction: 0.079 | MW: 432.4 | LogP: 5.62,HIGHEST ATTR (INACTIVE): CHEMBL4096927 | SMILES: O=C1CCSC(C2=CC=C(Br)C=C2)N1CCNC1=CC=NC2=CC(Cl)=CC=C12 | Attribution: -0.725 | Prediction: 0.088 | MW: 476.8 | LogP: 5.73,,
91,206976,C1=CC(C2=CC=CC=C2)CC(C2=CC=CS2)=C1,8,0,8,0,0,-0.7555,-0.7616,100.00,8,8,100.0,-0.762,-0.733,LOWEST ATTR (INACTIVE): CHEMBL450814 | SMILES: O=CC1=CC=C(C2=CC=CS2)CC1C1=CC=C([N+](=O)[O-])C=C1 | Attribution: -0.762 | Prediction: 0.003 | MW: 311.4 | LogP: 4.35,HIGHEST ATTR (INACTIVE): CHEMBL502265 | SMILES: CN(C)C1=CC=C(C2CC(C3=CC=C(Cl)S3)=CC=C2C=O)C=C1 | Attribution: -0.733 | Prediction: 0.005 | MW: 343.9 | LogP: 5.16,,
92,205540,C1=CCCC(C2=CC=C(C3=CC=CC=C3)C=C2)=C1,8,0,8,0,0,-0.7216,-0.7616,100.00,8,8,100.0,-0.762,-0.669,LOWEST ATTR (INACTIVE): CHEMBL496661 | SMILES: CC1CC(C2=CC=C(C3=CC=CC=C3)C=C2)=CC=C1C=O | Attribution: -0.762 | Prediction: 0.003 | MW: 274.4 | LogP: 4.90,HIGHEST ATTR (INACTIVE): CHEMBL499339 | SMILES: O=CC1=CC=C(C2=CC=C(C3=CC=CC=C3)C=C2)CC1C1=CC=CC=C1 | Attribution: -0.669 | Prediction: 0.002 | MW: 336.4 | LogP: 6.05,,
93,207104,C1CCSCN1CCNCC1=CC=CC=C1,8,0,8,0,0,-0.7082,-0.7616,100.00,8,8,100.0,-0.762,-0.599,LOWEST ATTR (INACTIVE): CHEMBL4060291 | SMILES: COC1=CC=C(C2SCCC(=O)N2CCNC2=CC=NC3=CC(Cl)=CC=C23)C=C1 | Attribution: -0.762 | Prediction: 0.068 | MW: 428.0 | LogP: 4.97,HIGHEST ATTR (INACTIVE): CHEMBL4073218 | SMILES: O=C1CCSC(C2=CC=CC(Cl)=C2)N1CCNC1=CC=NC2=CC(Cl)=CC=C12 | Attribution: -0.599 | Prediction: 0.079 | MW: 432.4 | LogP: 5.62,,
94,207109,C1CCSC(C2=CC=CC=C2)N1CCNC1=CC=NC2=CC=CC=C12,8,0,8,0,0,-0.6474,-0.7165,100.00,8,8,100.0,-0.717,-0.534,LOWEST ATTR (INACTIVE): CHEMBL4068035 | SMILES: O=C1CCSC(C2=CC=C(O)C=C2)N1CCNC1=CC=NC2=CC(Cl)=CC=C12 | Attribution: -0.717 | Prediction: 0.080 | MW: 413.9 | LogP: 4.67,HIGHEST ATTR (INACTIVE): CHEMBL4096927 | SMILES: O=C1CCSC(C2=CC=C(Br)C=C2)N1CCNC1=CC=NC2=CC(Cl)=CC=C12 | Attribution: -0.534 | Prediction: 0.088 | MW: 476.8 | LogP: 5.73,,
95,205598,C(C=CC1=CC=CC=C1)N/N=C/C1=CC2=CC=CC=C2N=C1,8,0,8,0,0,-0.6068,-0.6630,100.00,8,8,100.0,-0.663,-0.552,LOWEST ATTR (INACTIVE): CHEMBL2262382 | SMILES: CC1=CC=C2N=C(Cl)C(/C=N/NC(=O)C3=C(O)C4=CC=CC=C4S(=O)(=O)N3)=CC2=C1 | Attribution: -0.663 | Prediction: 0.028 | MW: 442.9 | LogP: 2.87,HIGHEST ATTR (INACTIVE): CHEMBL2262378 | SMILES: CC1=CC=C2C=C(/C=N/NC(=O)C3=C(O)C4=CC=CC=C4S(=O)(=O)N3C)C(Cl)=NC2=C1 | Attribution: -0.552 | Prediction: 0.039 | MW: 456.9 | LogP: 3.21,,
96,207108,C1CCSCN1CCNC1=CC=NC2=CC=CC=C12,8,0,8,0,0,-0.5702,-0.7019,100.00,8,8,100.0,-0.702,-0.384,LOWEST ATTR (INACTIVE): CHEMBL4060291 | SMILES: COC1=CC=C(C2SCCC(=O)N2CCNC2=CC=NC3=CC(Cl)=CC=C23)C=C1 | Attribution: -0.702 | Prediction: 0.068 | MW: 428.0 | LogP: 4.97,HIGHEST ATTR (INACTIVE): CHEMBL4073218 | SMILES: O=C1CCSC(C2=CC=CC(Cl)=C2)N1CCNC1=CC=NC2=CC(Cl)=CC=C12 | Attribution: -0.384 | Prediction: 0.079 | MW: 432.4 | LogP: 5.62,,
97,205600,C(N/N=C/C1=CC2=CC=CC=C2N=C1)C1=CC2=CC=CC=C2SN1,8,0,8,0,0,-0.5555,-0.5924,100.00,8,8,100.0,-0.592,-0.518,LOWEST ATTR (INACTIVE): CHEMBL2262382 | SMILES: CC1=CC=C2N=C(Cl)C(/C=N/NC(=O)C3=C(O)C4=CC=CC=C4S(=O)(=O)N3)=CC2=C1 | Attribution: -0.592 | Prediction: 0.028 | MW: 442.9 | LogP: 2.87,HIGHEST ATTR (INACTIVE): CHEMBL2262378 | SMILES: CC1=CC=C2C=C(/C=N/NC(=O)C3=C(O)C4=CC=CC=C4S(=O)(=O)N3C)C(Cl)=NC2=C1 | Attribution: -0.518 | Prediction: 0.039 | MW: 456.9 | LogP: 3.21,,
98,205597,C(N/N=C/C1=CC2=CC=CC=C2N=C1)C1=CC=CSN1,8,0,8,0,0,-0.4877,-0.5298,100.00,8,8,100.0,-0.530,-0.443,LOWEST ATTR (INACTIVE): CHEMBL2262382 | SMILES: CC1=CC=C2N=C(Cl)C(/C=N/NC(=O)C3=C(O)C4=CC=CC=C4S(=O)(=O)N3)=CC2=C1 | Attribution: -0.530 | Prediction: 0.028 | MW: 442.9 | LogP: 2.87,HIGHEST ATTR (INACTIVE): CHEMBL2262381 | SMILES: COC1=CC=C2C=C(/C=N/NC(=O)C3=C(O)C4=CC=CC=C4S(=O)(=O)N3C)C(Cl)=NC2=C1 | Attribution: -0.443 | Prediction: 0.049 | MW: 472.9 | LogP: 2.91,,
99,207105,C1CCSC(C2=CC=CC=C2)N1CCNC1=CC=NC=C1,8,0,8,0,0,-0.4631,-0.5340,100.00,8,8,100.0,-0.534,-0.385,LOWEST ATTR (INACTIVE): CHEMBL4068035 | SMILES: O=C1CCSC(C2=CC=C(O)C=C2)N1CCNC1=CC=NC2=CC(Cl)=CC=C12 | Attribution: -0.534 | Prediction: 0.080 | MW: 413.9 | LogP: 4.67,HIGHEST ATTR (INACTIVE): CHEMBL4067015 | SMILES: CC1=CC=C(C2SCCC(=O)N2CCNC2=CC=NC3=CC(Cl)=CC=C23)C=C1 | Attribution: -0.385 | Prediction: 0.079 | MW: 412.0 | LogP: 5.27,,
100,207103,C1CCSCN1CCNC1=CC=NC=C1,8,0,8,0,0,-0.3822,-0.5469,100.00,8,8,100.0,-0.547,-0.209,LOWEST ATTR (INACTIVE): CHEMBL4060291 | SMILES: COC1=CC=C(C2SCCC(=O)N2CCNC2=CC=NC3=CC(Cl)=CC=C23)C=C1 | Attribution: -0.547 | Prediction: 0.068 | MW: 428.0 | LogP: 4.97,HIGHEST ATTR (INACTIVE): CHEMBL4073218 | SMILES: O=C1CCSC(C2=CC=CC(Cl)=C2)N1CCNC1=CC=NC2=CC(Cl)=CC=C12 | Attribution: -0.209 | Prediction: 0.079 | MW: 432.4 | LogP: 5.62,,
101,207735,C(=N/C1=NN=C(CN2C=NC3=CC=CC=C32)S1)\C1=CC=CC=C1,8,0,8,0,0,-0.3766,-0.5142,100.00,8,8,100.0,-0.514,-0.315,LOWEST ATTR (INACTIVE): CHEMBL561641 | SMILES: CC1=NC2=CC=CC=C2N1CC1=NN=C(/N=C/C2=CC=CC=C2Cl)S1 | Attribution: -0.514 | Prediction: 0.077 | MW: 367.9 | LogP: 4.65,HIGHEST ATTR (INACTIVE): CHEMBL564314 | SMILES: COC1=CC=C(/C=N/C2=NN=C(CN3C(C)=NC4=CC=CC=C43)S2)C=C1 | Attribution: -0.315 | Prediction: 0.064 | MW: 363.4 | LogP: 4.00,,
102,207107,C1=CC=C(CNCCNC2=CC=NC3=CC=CC=C23)C=C1,8,0,8,0,0,-0.3605,-0.4754,100.00,8,8,100.0,-0.475,-0.277,LOWEST ATTR (INACTIVE): CHEMBL4073218 | SMILES: O=C1CCSC(C2=CC=CC(Cl)=C2)N1CCNC1=CC=NC2=CC(Cl)=CC=C12 | Attribution: -0.475 | Prediction: 0.079 | MW: 432.4 | LogP: 5.62,HIGHEST ATTR (INACTIVE): CHEMBL4096927 | SMILES: O=C1CCSC(C2=CC=C(Br)C=C2)N1CCNC1=CC=NC2=CC(Cl)=CC=C12 | Attribution: -0.277 | Prediction: 0.088 | MW: 476.8 | LogP: 5.73,,
103,207734,C(=N/C1=NN=C(CNC2=CC=CC=C2)S1)\C1=CC=CC=C1,8,0,8,0,0,-0.3021,-0.4258,100.00,8,8,100.0,-0.426,-0.238,LOWEST ATTR (INACTIVE): CHEMBL561641 | SMILES: CC1=NC2=CC=CC=C2N1CC1=NN=C(/N=C/C2=CC=CC=C2Cl)S1 | Attribution: -0.426 | Prediction: 0.077 | MW: 367.9 | LogP: 4.65,HIGHEST ATTR (INACTIVE): CHEMBL564314 | SMILES: COC1=CC=C(/C=N/C2=NN=C(CN3C(C)=NC4=CC=CC=C43)S2)C=C1 | Attribution: -0.238 | Prediction: 0.064 | MW: 363.4 | LogP: 4.00,,
104,210276,C1=CNC2=CC=CC=C2O1,9,2,7,0,0,-0.5485,-0.7616,77.78,9,9,100.0,-0.762,-0.131,LOWEST ATTR (INACTIVE): CHEMBL4089993 | SMILES: CCCCCCNC1=C(F)C=C2C(=O)C(C(=O)O)=CN3C4=CC=C(N)C=C4OC1=C23 | Attribution: -0.762 | Prediction: 0.167 | MW: 411.4 | LogP: 4.51,HIGHEST ATTR (ACTIVE): CHEMBL4061346 | SMILES: CN1CCN(C2=C(F)C=C3C(=O)C(C(=O)O)=CN4C5=CC=C(N)C=C5OC2=C34)CC1 | Attribution: -0.131 | Prediction: 0.827 | MW: 410.4 | LogP: 2.27,ACTIVE w/ NEG ATTR: CHEMBL4066307 | SMILES: CN1CCN(C2=C(F)C=C3C(=O)C(C(=O)O)=CN4C5=CC=C([N+](=O)[O-])C=C5OC2=C34)CC1 | Attribution: -0.173 | Prediction: 0.638 | MW: 440.4,
105,207022,C1=CNSNC1,7,0,7,0,0,-0.2150,-0.6285,100.00,5,7,71.4,-0.629,0.454,LOWEST ATTR (INACTIVE): CHEMBL52075 | SMILES: CCCCN1C2=CC=CC(Cl)=C2CN(CC(=O)NO)S1(=O)=O | Attribution: -0.629 | Prediction: 0.195 | MW: 347.8 | LogP: 1.51,HIGHEST ATTR (INACTIVE): CHEMBL296155 | SMILES: O=C(CN1CC2=CC=CC=C2NS1(=O)=O)NO | Attribution: 0.454 | Prediction: 0.382 | MW: 257.3 | LogP: -0.34,,INACTIVE w/ POS ATTR: CHEMBL296155 | SMILES: O=C(CN1CC2=CC=CC=C2NS1(=O)=O)NO | Attribution: 0.454 | Prediction: 0.382 | MW: 257.3
106,204544,C1CC[C@@H](O[C@@H]2CCCO2)[C@H](O[C@@H]2CCCCO2)C1,6,0,6,0,0,-0.7616,-0.7616,100.00,6,6,100.0,-0.762,-0.762,LOWEST ATTR (INACTIVE): CHEMBL4276992 | SMILES: NC[C@H]1O[C@H](O[C@@H]2[C@@H](O)[C@H](N)C[C@H](N)[C@H]2O[C@H]2O[C@@H](C(N)=O)[C@@H](O)[C@H](O)[C@H]2N)[C@H](O)[C@@H]1O | Attribution: -0.762 | Prediction: 0.048 | MW: 467.5 | LogP: -7.16,HIGHEST ATTR (INACTIVE): CHEMBL4280824 | SMILES: NC[C@H]1O[C@H](O[C@@H]2[C@@H](O)[C@H](N)C[C@H](N)[C@H]2O[C@H]2O[C@H](CO)[C@@H](O)[C@H](O)[C@H]2N)[C@H](O)[C@@H]1O | Attribution: -0.762 | Prediction: 0.114 | MW: 454.5 | LogP: -6.65,,
107,97108,C(NC1=CNC(CNC2=CNC(CNCCN3CCOCC3)=C2)=C1)C1=CC=C(/C=C/C2=CC=CC=C2)C=C1,6,0,6,0,0,-0.6628,-0.7504,100.00,6,6,100.0,-0.750,-0.564,LOWEST ATTR (INACTIVE): CS000235464 | SMILES: CN1C=C(NC(=O)C2=CC(NC(=O)C3=CC=C(/C=C/C4=CC5=NON=C5C=C4)C=C3)=CN2C)C=C1C(=O)NCCN1CCOCC1 | Attribution: -0.750 | Prediction: 0.013 | MW: 622.7 | LogP: 3.64,HIGHEST ATTR (INACTIVE): CS000005906 | SMILES: Cn1cc(NC(=O)c2cc(NC(=O)c3ccc(/C=C/c4ccc(C(F)(F)F)cc4)cc3)cn2C)cc1C(=O)NCCN1CCOCC1 | Attribution: -0.564 | Prediction: 0.018 | MW: 648.7 | LogP: 5.12,,
108,204543,C1CO[C@H](OCCO[C@@H]2CCCCO2)C1,6,0,6,0,0,-0.6298,-0.6574,100.00,6,6,100.0,-0.657,-0.573,LOWEST ATTR (INACTIVE): CHEMBL4276992 | SMILES: NC[C@H]1O[C@H](O[C@@H]2[C@@H](O)[C@H](N)C[C@H](N)[C@H]2O[C@H]2O[C@@H](C(N)=O)[C@@H](O)[C@H](O)[C@H]2N)[C@H](O)[C@@H]1O | Attribution: -0.657 | Prediction: 0.048 | MW: 467.5 | LogP: -7.16,HIGHEST ATTR (INACTIVE): CHEMBL4291055 | SMILES: C[C@H](N)[C@H]1O[C@H](O[C@@H]2[C@@H](O)[C@H](N)C[C@H](N)[C@H]2O[C@H]2O[C@@H](C(=O)O)[C@@H](O)[C@H](O)[C@H]2N)[C@H](O)[C@@H]1O | Attribution: -0.573 | Prediction: 0.112 | MW: 482.5 | LogP: -6.17,,
109,88204,C1=CC=C(C(C2=C3C=CC=CC3=CC=C2)N2CCCCC2)C=C1,6,0,6,0,0,-0.6189,-0.7046,100.00,6,6,100.0,-0.705,-0.517,LOWEST ATTR (INACTIVE): CHEMBL3794403 | SMILES: OC1=CC=C2C=CC=CC2=C1C(C1=CC=CC=C1)N1CCCCC1 | Attribution: -0.705 | Prediction: 0.015 | MW: 317.4 | LogP: 5.12,HIGHEST ATTR (INACTIVE): CHEMBL3794449 | SMILES: OC1=CC=C2C=C(Br)C=CC2=C1C(C1=CC=CC2=CC=CC=C12)N1CCCCC1 | Attribution: -0.517 | Prediction: 0.016 | MW: 446.4 | LogP: 7.04,,
110,204542,C1CC[C@@H](O[C@@H]2CCCO2)CC1,6,0,6,0,0,-0.5732,-0.6416,100.00,6,6,100.0,-0.642,-0.490,LOWEST ATTR (INACTIVE): CHEMBL4280824 | SMILES: NC[C@H]1O[C@H](O[C@@H]2[C@@H](O)[C@H](N)C[C@H](N)[C@H]2O[C@H]2O[C@H](CO)[C@@H](O)[C@H](O)[C@H]2N)[C@H](O)[C@@H]1O | Attribution: -0.642 | Prediction: 0.114 | MW: 454.5 | LogP: -6.65,HIGHEST ATTR (INACTIVE): CHEMBL4280422 | SMILES: C[C@H](N)[C@H]1O[C@H](O[C@@H]2[C@@H](O)[C@H](N)C[C@H](N)[C@H]2O[C@H]2O[C@@H](C(N)=O)[C@@H](O)[C@H](O)[C@H]2N)[C@H](O)[C@@H]1O | Attribution: -0.490 | Prediction: 0.054 | MW: 481.5 | LogP: -6.77,,
111,207023,C1=CC=C2NSNCC2=C1,6,0,6,0,0,-0.5487,-0.7616,100.00,6,6,100.0,-0.762,-0.211,LOWEST ATTR (INACTIVE): CHEMBL52075 | SMILES: CCCCN1C2=CC=CC(Cl)=C2CN(CC(=O)NO)S1(=O)=O | Attribution: -0.762 | Prediction: 0.195 | MW: 347.8 | LogP: 1.51,HIGHEST ATTR (INACTIVE): CHEMBL301378 | SMILES: O=C(CN1CC2=C(F)C=CC=C2NS1(=O)=O)NO | Attribution: -0.211 | Prediction: 0.369 | MW: 275.3 | LogP: -0.20,,
112,87976,C1=CC(N2C=NC=N2)=NC=N1,6,0,6,0,0,-0.4932,-0.7616,100.00,6,6,100.0,-0.762,-0.143,LOWEST ATTR (INACTIVE): CHEMBL5421150 | SMILES: CCN(CCO)C1=NC=CC(N2C=NC=N2)=N1 | Attribution: -0.762 | Prediction: 0.043 | MW: 234.3 | LogP: -0.12,HIGHEST ATTR (INACTIVE): CHEMBL4639903 | SMILES: NC1=CC=C(S(=O)(=O)NC2=NC=CC(N3C=NC=N3)=N2)C=C1 | Attribution: -0.143 | Prediction: 0.183 | MW: 317.3 | LogP: 0.44,,
113,208360,C(CN1CCOC2=C1C=C(SNCCNC1=CC=CC=C1)C=C2)C1=CC=CC=C1,6,0,6,0,0,-0.3727,-0.4733,100.00,6,6,100.0,-0.473,-0.167,LOWEST ATTR (INACTIVE): CHEMBL3397458 | SMILES: COC1=CC=CC=C1N1CCN(S(=O)(=O)C2=CC3=C(C=C2C)OCC(=O)N3CC(=O)C2=CC=C([N+](=O)[O-])C=C2)CC1 | Attribution: -0.473 | Prediction: 0.070 | MW: 580.6 | LogP: 3.03,HIGHEST ATTR (INACTIVE): CHEMBL3397390 | SMILES: CC1=CC2=C(C=C1S(=O)(=O)N1CCN(C3=CC=C(C(F)(F)F)C=C3)CC1)N(CC(=O)C1=CC=C(C3=CC=CC=C3)C=C1)C(=O)CO2 | Attribution: -0.167 | Prediction: 0.085 | MW: 649.7 | LogP: 5.80,,
114,208361,C(CN1CCOC2=C1C=C(SN1CCNCC1)C=C2)C1=CC=CC=C1,6,0,6,0,0,-0.3691,-0.5295,100.00,5,6,83.3,-0.530,-0.029,LOWEST ATTR (INACTIVE): CHEMBL3397458 | SMILES: COC1=CC=CC=C1N1CCN(S(=O)(=O)C2=CC3=C(C=C2C)OCC(=O)N3CC(=O)C2=CC=C([N+](=O)[O-])C=C2)CC1 | Attribution: -0.530 | Prediction: 0.070 | MW: 580.6 | LogP: 3.03,HIGHEST ATTR (INACTIVE): CHEMBL3397390 | SMILES: CC1=CC2=C(C=C1S(=O)(=O)N1CCN(C3=CC=C(C(F)(F)F)C=C3)CC1)N(CC(=O)C1=CC=C(C3=CC=CC=C3)C=C1)C(=O)CO2 | Attribution: -0.029 | Prediction: 0.085 | MW: 649.7 | LogP: 5.80,,
115,208362,C(CN1CCOC2=C1C=C(SN1CCN(C3=CC=CC=C3)CC1)C=C2)C1=CC=CC=C1,6,0,6,0,0,-0.3675,-0.4764,100.00,6,6,100.0,-0.476,-0.159,LOWEST ATTR (INACTIVE): CHEMBL3397458 | SMILES: COC1=CC=CC=C1N1CCN(S(=O)(=O)C2=CC3=C(C=C2C)OCC(=O)N3CC(=O)C2=CC=C([N+](=O)[O-])C=C2)CC1 | Attribution: -0.476 | Prediction: 0.070 | MW: 580.6 | LogP: 3.03,HIGHEST ATTR (INACTIVE): CHEMBL3397390 | SMILES: CC1=CC2=C(C=C1S(=O)(=O)N1CCN(C3=CC=C(C(F)(F)F)C=C3)CC1)N(CC(=O)C1=CC=C(C3=CC=CC=C3)C=C1)C(=O)CO2 | Attribution: -0.159 | Prediction: 0.085 | MW: 649.7 | LogP: 5.80,,
116,208357,C(CNC1=CC=CC(SN2CCNCC2)=C1)C1=CC=CC=C1,6,0,6,0,0,-0.3386,-0.4373,100.00,5,6,83.3,-0.437,-0.047,LOWEST ATTR (INACTIVE): CHEMBL3397458 | SMILES: COC1=CC=CC=C1N1CCN(S(=O)(=O)C2=CC3=C(C=C2C)OCC(=O)N3CC(=O)C2=CC=C([N+](=O)[O-])C=C2)CC1 | Attribution: -0.437 | Prediction: 0.070 | MW: 580.6 | LogP: 3.03,HIGHEST ATTR (INACTIVE): CHEMBL3397390 | SMILES: CC1=CC2=C(C=C1S(=O)(=O)N1CCN(C3=CC=C(C(F)(F)F)C=C3)CC1)N(CC(=O)C1=CC=C(C3=CC=CC=C3)C=C1)C(=O)CO2 | Attribution: -0.047 | Prediction: 0.085 | MW: 649.7 | LogP: 5.80,,
117,208359,C(CNC1=CC=CC(SN2CCN(C3=CC=CC=C3)CC2)=C1)C1=CC=CC=C1,6,0,6,0,0,-0.2477,-0.3763,100.00,5,6,83.3,-0.376,0.012,LOWEST ATTR (INACTIVE): CHEMBL3397460 | SMILES: COC1=CC=CC=C1N1CCN(S(=O)(=O)C2=CC3=C(C=C2C)OCC(=O)N3CC(=O)C2=CC=C(Cl)C=C2)CC1 | Attribution: -0.376 | Prediction: 0.095 | MW: 570.1 | LogP: 3.78,HIGHEST ATTR (INACTIVE): CHEMBL3397390 | SMILES: CC1=CC2=C(C=C1S(=O)(=O)N1CCN(C3=CC=C(C(F)(F)F)C=C3)CC1)N(CC(=O)C1=CC=C(C3=CC=CC=C3)C=C1)C(=O)CO2 | Attribution: 0.012 | Prediction: 0.085 | MW: 649.7 | LogP: 5.80,,INACTIVE w/ POS ATTR: CHEMBL3397390 | SMILES: CC1=CC2=C(C=C1S(=O)(=O)N1CCN(C3=CC=C(C(F)(F)F)C=C3)CC1)N(CC(=O)C1=CC=C(C3=CC=CC=C3)C=C1)C(=O)CO2 | Attribution: 0.012 | Prediction: 0.085 | MW: 649.7
118,208356,C(CNC1=CC=CC(SNCCNC2=CC=CC=C2)=C1)C1=CC=CC=C1,6,0,6,0,0,-0.2464,-0.3774,100.00,5,6,83.3,-0.377,0.001,LOWEST ATTR (INACTIVE): CHEMBL3397460 | SMILES: COC1=CC=CC=C1N1CCN(S(=O)(=O)C2=CC3=C(C=C2C)OCC(=O)N3CC(=O)C2=CC=C(Cl)C=C2)CC1 | Attribution: -0.377 | Prediction: 0.095 | MW: 570.1 | LogP: 3.78,HIGHEST ATTR (INACTIVE): CHEMBL3397390 | SMILES: CC1=CC2=C(C=C1S(=O)(=O)N1CCN(C3=CC=C(C(F)(F)F)C=C3)CC1)N(CC(=O)C1=CC=C(C3=CC=CC=C3)C=C1)C(=O)CO2 | Attribution: 0.001 | Prediction: 0.085 | MW: 649.7 | LogP: 5.80,,INACTIVE w/ POS ATTR: CHEMBL3397390 | SMILES: CC1=CC2=C(C=C1S(=O)(=O)N1CCN(C3=CC=C(C(F)(F)F)C=C3)CC1)N(CC(=O)C1=CC=C(C3=CC=CC=C3)C=C1)C(=O)CO2 | Attribution: 0.001 | Prediction: 0.085 | MW: 649.7
119,207992,C1=CCCC(/C=C/C2=CCCCC2)=C1,6,0,6,0,0,-0.2458,-0.7420,100.00,4,6,66.7,-0.742,-0.052,LOWEST ATTR (INACTIVE): CHEMBL524499 | SMILES: CC1=C(/C=C/C2=CC=C(C=O)C(C)(/C=C/C3=C(C)CCCC3(C)C)C2)C(C)(C)CCC1 | Attribution: -0.742 | Prediction: 0.038 | MW: 418.7 | LogP: 8.61,HIGHEST ATTR (INACTIVE): CHEMBL438349 | SMILES: CC1=C(/C=C/C2=CC(N)=C(C#N)C(C)(/C=C/C3=C(C)CCCC3(C)C)C2)C(C)(C)CCC1 | Attribution: -0.052 | Prediction: 0.190 | MW: 430.7 | LogP: 8.22,,
120,208597,C1CCNC2=CC(SNC3=CC=CC=C3)=CC=C2S1,5,0,5,0,0,-0.7248,-0.7616,100.00,5,5,100.0,-0.762,-0.669,LOWEST ATTR (INACTIVE): CHEMBL1631657 | SMILES: CCC1=CC=CC=C1NS(=O)(=O)C1=CC=C2SC(=O)CC(C)NC2=C1 | Attribution: -0.762 | Prediction: 0.019 | MW: 376.5 | LogP: 3.87,HIGHEST ATTR (INACTIVE): CHEMBL1631660 | SMILES: CC1=CC=C(NS(=O)(=O)C2=CC=C3SC(=O)C(C)CNC3=C2)C(Br)=C1 | Attribution: -0.669 | Prediction: 0.023 | MW: 441.4 | LogP: 4.24,,
121,207343,C(NCC1=CCN(C2=CC=CC=C2)C1)C1=CC=CC=C1,5,0,5,0,0,-0.7132,-0.7376,100.00,5,5,100.0,-0.738,-0.695,LOWEST ATTR (INACTIVE): CHEMBL5399771 | SMILES: C=C1C(C2=CC=C(F)C=C2)=C(CNC(=O)C2=CC=C(C)C=C2)C(=O)N1C1=CC=CC(Cl)=C1 | Attribution: -0.738 | Prediction: 0.007 | MW: 446.9 | LogP: 5.53,HIGHEST ATTR (INACTIVE): CHEMBL5396590 | SMILES: C=C1C(C2=CC=C(F)C=C2)=C(CNC(=O)C2=CC=C(C)C=C2)C(=O)N1C1=CC=C(C)C=C1 | Attribution: -0.695 | Prediction: 0.007 | MW: 426.5 | LogP: 5.19,,
122,215349,C1=CCCC(C2=CC=CO2)=C1,5,0,5,0,0,-0.6992,-0.7599,100.00,5,5,100.0,-0.760,-0.651,LOWEST ATTR (INACTIVE): CHEMBL499890 | SMILES: CC1=CC=C(C2=CC=C(C=O)C(C)(C3=CC=C(C)O3)C2)O1 | Attribution: -0.760 | Prediction: 0.004 | MW: 282.3 | LogP: 4.36,HIGHEST ATTR (INACTIVE): CHEMBL499337 | SMILES: CC1=CC=C(C2=CC=C(C=O)C(C3=CC=CC=C3)C2)O1 | Attribution: -0.651 | Prediction: 0.002 | MW: 264.3 | LogP: 4.28,,
123,204886,C1=CCCC(C2=CC=C3C=CC=CC3=C2)=C1,5,0,5,0,0,-0.6969,-0.7616,100.00,5,5,100.0,-0.762,-0.664,LOWEST ATTR (INACTIVE): CHEMBL449254 | SMILES: CC1CC(C2=CC=C3C=CC=CC3=C2)=CC=C1C=O | Attribution: -0.762 | Prediction: 0.003 | MW: 248.3 | LogP: 4.39,HIGHEST ATTR (INACTIVE): CHEMBL497692 | SMILES: O=CC1=CC=C(C2=CC=C3C=CC=CC3=C2)CC1C1=CC=CC=C1 | Attribution: -0.664 | Prediction: 0.003 | MW: 310.4 | LogP: 5.54,,
124,210666,C(NCCCCCOCC1=NC=CC=C1)C1=CC=CC=C1,5,0,5,0,0,-0.6778,-0.7616,100.00,5,5,100.0,-0.762,-0.554,LOWEST ATTR (INACTIVE): CHEMBL5421348 | SMILES: COC1=CC=C2N=CC=C(OC[C@@H]3CC[C@@H](NC(=O)C4=CC=C(I)C(F)=C4)CO3)C2=N1 | Attribution: -0.762 | Prediction: 0.063 | MW: 537.3 | LogP: 3.74,HIGHEST ATTR (INACTIVE): CHEMBL5432283 | SMILES: COC1=CC=C2N=CC=C(OC[C@H]3CC[C@H](NC(=O)C4=CC(F)=C(Cl)C(F)=C4)CC3)C2=N1 | Attribution: -0.554 | Prediction: 0.122 | MW: 461.9 | LogP: 4.94,,
125,207345,C(NCC1=C(C2=CC=CC=C2)CN(C2=CC=CC=C2)C1)C1=CC=CC=C1,5,0,5,0,0,-0.6680,-0.6943,100.00,5,5,100.0,-0.694,-0.647,LOWEST ATTR (INACTIVE): CHEMBL5399771 | SMILES: C=C1C(C2=CC=C(F)C=C2)=C(CNC(=O)C2=CC=C(C)C=C2)C(=O)N1C1=CC=CC(Cl)=C1 | Attribution: -0.694 | Prediction: 0.007 | MW: 446.9 | LogP: 5.53,HIGHEST ATTR (INACTIVE): CHEMBL5396590 | SMILES: C=C1C(C2=CC=C(F)C=C2)=C(CNC(=O)C2=CC=C(C)C=C2)C(=O)N1C1=CC=C(C)C=C1 | Attribution: -0.647 | Prediction: 0.007 | MW: 426.5 | LogP: 5.19,,
126,207344,C(NC1=CC=CC=C1)C(C1=CC=CC=C1)=CCNCC1=CC=CC=C1,5,0,5,0,0,-0.6053,-0.6407,100.00,5,5,100.0,-0.641,-0.577,LOWEST ATTR (INACTIVE): CHEMBL5399771 | SMILES: C=C1C(C2=CC=C(F)C=C2)=C(CNC(=O)C2=CC=C(C)C=C2)C(=O)N1C1=CC=CC(Cl)=C1 | Attribution: -0.641 | Prediction: 0.007 | MW: 446.9 | LogP: 5.53,HIGHEST ATTR (INACTIVE): CHEMBL5396590 | SMILES: C=C1C(C2=CC=C(F)C=C2)=C(CNC(=O)C2=CC=C(C)C=C2)C(=O)N1C1=CC=C(C)C=C1 | Attribution: -0.577 | Prediction: 0.007 | MW: 426.5 | LogP: 5.19,,
127,207773,C(\CC1=CC=CCO1)=N/NSC1=CC=CC=C1,5,0,5,0,0,-0.5459,-0.6260,100.00,5,5,100.0,-0.626,-0.440,LOWEST ATTR (INACTIVE): CHEMBL5415058 | SMILES: O=C1C=CC2=CC=C(O)C(/C=N/NS(=O)(=O)C3=CC=C(Cl)C=C3)=C2O1 | Attribution: -0.626 | Prediction: 0.113 | MW: 378.8 | LogP: 2.46,HIGHEST ATTR (INACTIVE): CHEMBL5421789 | SMILES: O=C1C=CC2=CC=C(O)C(/C=N/NS(=O)(=O)C3=CC=CC4=CC=CC=C34)=C2O1 | Attribution: -0.440 | Prediction: 0.090 | MW: 394.4 | LogP: 2.96,,
128,210669,C(NCCCCCOC1=CC=NC2=CC=CN=C12)C1=CC=CC=C1,5,0,5,0,0,-0.5103,-0.7301,100.00,5,5,100.0,-0.730,-0.274,LOWEST ATTR (INACTIVE): CHEMBL5406927 | SMILES: COC1=CC=C2N=CC=C(OC[C@@H]3CC[C@@H](NC(=O)C4=CC(F)=C(Br)C(F)=C4)CO3)C2=N1 | Attribution: -0.730 | Prediction: 0.087 | MW: 508.3 | LogP: 4.04,HIGHEST ATTR (INACTIVE): CHEMBL5432283 | SMILES: COC1=CC=C2N=CC=C(OC[C@H]3CC[C@H](NC(=O)C4=CC(F)=C(Cl)C(F)=C4)CC3)C2=N1 | Attribution: -0.274 | Prediction: 0.122 | MW: 461.9 | LogP: 4.94,,
129,208596,C1CCNC2=CC=CC=C2S1,5,0,5,0,0,-0.4847,-0.5639,100.00,5,5,100.0,-0.564,-0.416,LOWEST ATTR (INACTIVE): CHEMBL1631657 | SMILES: CCC1=CC=CC=C1NS(=O)(=O)C1=CC=C2SC(=O)CC(C)NC2=C1 | Attribution: -0.564 | Prediction: 0.019 | MW: 376.5 | LogP: 3.87,HIGHEST ATTR (INACTIVE): CHEMBL1631659 | SMILES: CC1=CC=C(C)C(NS(=O)(=O)C2=CC=C3SC(=O)C(C)CNC3=C2)=C1 | Attribution: -0.416 | Prediction: 0.023 | MW: 376.5 | LogP: 3.78,,
130,207341,C(CNCC1=CC=CC=C1)CNC1=CC=CC=C1,5,0,5,0,0,-0.3030,-0.3679,100.00,5,5,100.0,-0.368,-0.246,LOWEST ATTR (INACTIVE): CHEMBL5399771 | SMILES: C=C1C(C2=CC=C(F)C=C2)=C(CNC(=O)C2=CC=C(C)C=C2)C(=O)N1C1=CC=CC(Cl)=C1 | Attribution: -0.368 | Prediction: 0.007 | MW: 446.9 | LogP: 5.53,HIGHEST ATTR (INACTIVE): CHEMBL5396590 | SMILES: C=C1C(C2=CC=C(F)C=C2)=C(CNC(=O)C2=CC=C(C)C=C2)C(=O)N1C1=CC=C(C)C=C1 | Attribution: -0.246 | Prediction: 0.007 | MW: 426.5 | LogP: 5.19,,
131,210667,C(NCCCCCOC1=CC=NC=C1)C1=CC=CC=C1,5,0,5,0,0,-0.2921,-0.5111,100.00,4,5,80.0,-0.511,-0.052,LOWEST ATTR (INACTIVE): CHEMBL5421348 | SMILES: COC1=CC=C2N=CC=C(OC[C@@H]3CC[C@@H](NC(=O)C4=CC=C(I)C(F)=C4)CO3)C2=N1 | Attribution: -0.511 | Prediction: 0.063 | MW: 537.3 | LogP: 3.74,HIGHEST ATTR (INACTIVE): CHEMBL5432283 | SMILES: COC1=CC=C2N=CC=C(OC[C@H]3CC[C@H](NC(=O)C4=CC(F)=C(Cl)C(F)=C4)CC3)C2=N1 | Attribution: -0.052 | Prediction: 0.122 | MW: 461.9 | LogP: 4.94,,
132,210941,C1OCC=C[C@]12CCCCC2,5,0,5,0,0,-0.2686,-0.6670,100.00,3,5,60.0,-0.667,0.032,LOWEST ATTR (INACTIVE): CHEMBL1080075 | SMILES: CC(=O)OC[C@H](C)C1=C(OC(C)=O)C(O)C2=C(C1=O)[C@@H]1C[C@H]3C(C)(C)CCC[C@]23C(=O)O1 | Attribution: -0.667 | Prediction: 0.116 | MW: 446.5 | LogP: 2.38,HIGHEST ATTR (INACTIVE): CHEMBL1080074 | SMILES: CC(C)C1=CC2=C(C(=O)C1=O)[C@@]13CCCC(C)(C)[C@@H]1C[C@@H]2OC3=O | Attribution: 0.032 | Prediction: 0.010 | MW: 328.4 | LogP: 3.16,,INACTIVE w/ POS ATTR: CHEMBL1080074 | SMILES: CC(C)C1=CC2=C(C(=O)C1=O)[C@@]13CCCC(C)(C)[C@@H]1C[C@@H]2OC3=O | Attribution: 0.032 | Prediction: 0.010 | MW: 328.4
133,208595,C1CCNC=CS1,5,0,5,0,0,-0.2499,-0.3273,100.00,5,5,100.0,-0.327,-0.198,LOWEST ATTR (INACTIVE): CHEMBL1631657 | SMILES: CCC1=CC=CC=C1NS(=O)(=O)C1=CC=C2SC(=O)CC(C)NC2=C1 | Attribution: -0.327 | Prediction: 0.019 | MW: 376.5 | LogP: 3.87,HIGHEST ATTR (INACTIVE): CHEMBL1631658 | SMILES: CC1=CC=C(NS(=O)(=O)C2=CC=C3SC(=O)C(C)CNC3=C2)C(C)=C1 | Attribution: -0.198 | Prediction: 0.021 | MW: 376.5 | LogP: 3.78,,
